"","assigned_to_cluster","timestamp","lon","lat","clusterStart","clusterEnd"
"951",26,"2016-01-05 01:04:00",-47.1972085,-22.6437397,"2016-01-05 01:04:00","2016-01-10 00:40:50"
"950",18,"2016-01-05 01:05:23",-55.8939676,-27.3664866,"2016-01-05 01:04:00","2016-01-10 00:40:50"
"949",24,"2016-01-05 01:08:57",-53.1999999,-10.3333332,"2016-01-05 01:04:00","2016-01-10 00:40:50"
"948",25,"2016-01-05 01:19:33",-49.1770094,-26.7356217,"2016-01-05 01:04:00","2016-01-10 00:40:50"
"947",NA,"2016-01-05 01:28:25",-81.0998341,32.0835407,"2016-01-05 01:04:00","2016-01-10 00:40:50"
"946",11,"2016-01-05 01:30:54",-66.1109317,8.0018709,"2016-01-05 01:04:00","2016-01-10 00:40:50"
"945",19,"2016-01-05 01:44:25",-55.727467,-22.5236896,"2016-01-05 01:04:00","2016-01-10 00:40:50"
"944",30,"2016-01-05 02:03:41",-43.2093726,-22.9110136,"2016-01-05 01:04:00","2016-01-10 00:40:50"
"943",30,"2016-01-05 02:10:21",-43.2093726,-22.9110136,"2016-01-05 01:04:00","2016-01-10 00:40:50"
"942",31,"2016-01-05 02:15:24",-42.5270801,-19.4777806,"2016-01-05 01:04:00","2016-01-10 00:40:50"
"941",NA,"2016-01-05 02:33:22",-74.0852376575,4.63874255,"2016-01-05 01:04:00","2016-01-10 00:40:50"
"940",7,"2016-01-05 02:34:59",-70.3028025,19.0974031,"2016-01-05 01:04:00","2016-01-10 00:40:50"
"939",26,"2016-01-05 02:35:37",-46.5629623,-23.690102,"2016-01-05 01:04:00","2016-01-10 00:40:50"
"938",31,"2016-01-05 02:58:11",-43.9450947,-19.9227317,"2016-01-05 01:04:00","2016-01-10 00:40:50"
"937",22,"2016-01-05 03:06:18",-50.8930409,-22.2269099,"2016-01-05 01:04:00","2016-01-10 00:40:50"
"936",24,"2016-01-05 03:10:24",-53.1999999,-10.3333332,"2016-01-05 01:04:00","2016-01-10 00:40:50"
"935",17,"2016-01-05 03:11:23",-58.4375796,-34.6075797,"2016-01-05 01:04:00","2016-01-10 00:40:50"
"934",17,"2016-01-05 03:13:59",-58.4375796,-34.6075797,"2016-01-05 01:04:00","2016-01-10 00:40:50"
"933",30,"2016-01-05 03:14:07",-43.2093726,-22.9110136,"2016-01-05 01:04:00","2016-01-10 00:40:50"
"932",17,"2016-01-05 03:25:13",-58.4375796,-34.6075797,"2016-01-05 01:04:00","2016-01-10 00:40:50"
"931",38,"2016-01-05 03:28:09",123.9968104864,10.30231135,"2016-01-05 01:04:00","2016-01-10 00:40:50"
"930",37,"2016-01-05 03:39:15",101.9820014518,3.97822225,"2016-01-05 01:04:00","2016-01-10 00:40:50"
"929",36,"2016-01-05 03:44:20",-34.8781516,-8.064193,"2016-01-05 01:04:00","2016-01-10 00:40:50"
"928",30,"2016-01-05 03:47:16",-43.2093726,-22.9110136,"2016-01-05 01:04:00","2016-01-10 00:40:50"
"927",34,"2016-01-05 03:55:17",-35.0320983,-8.2838944,"2016-01-05 01:04:00","2016-01-10 00:40:50"
"926",26,"2016-01-05 04:01:25",-45.5338951,-22.4029371,"2016-01-05 01:04:00","2016-01-10 00:40:50"
"925",12,"2016-01-05 04:19:06",-68.0035529,10.1828036,"2016-01-05 01:04:00","2016-01-10 00:40:50"
"924",30,"2016-01-05 04:20:38",-43.0309251,-22.8219013,"2016-01-05 01:04:00","2016-01-10 00:40:50"
"923",26,"2016-01-05 04:22:46",-46.6333823,-23.5506506,"2016-01-05 01:04:00","2016-01-10 00:40:50"
"922",38,"2016-01-05 04:25:26",121.0486155,14.6509905,"2016-01-05 01:04:00","2016-01-10 00:40:50"
"921",21,"2016-01-05 04:32:50",-53.0554368,-25.746468,"2016-01-05 01:04:00","2016-01-10 00:40:50"
"920",18,"2016-01-05 04:33:49",-58.8328657,-27.4720341,"2016-01-05 01:04:00","2016-01-10 00:40:50"
"919",24,"2016-01-05 04:42:18",-53.1999999,-10.3333332,"2016-01-05 01:04:00","2016-01-10 00:40:50"
"918",36,"2016-01-05 04:47:08",-34.8781516,-8.064193,"2016-01-05 01:04:00","2016-01-10 00:40:50"
"917",NA,"2016-01-05 04:52:21",-59.9864061,-3.1319514,"2016-01-05 01:04:00","2016-01-10 00:40:50"
"916",18,"2016-01-05 05:02:56",-55.8939676,-27.3664866,"2016-01-05 01:04:00","2016-01-10 00:40:50"
"915",38,"2016-01-05 05:12:19",121.0486155,14.6509905,"2016-01-05 01:04:00","2016-01-10 00:40:50"
"914",NA,"2016-01-05 05:26:05",-71.6196748,-33.0458455,"2016-01-05 01:04:00","2016-01-10 00:40:50"
"913",25,"2016-01-05 05:29:34",-49.2712361,-25.4295696,"2016-01-05 01:04:00","2016-01-10 00:40:50"
"912",26,"2016-01-05 05:31:44",-45.0541669,-22.1163889,"2016-01-05 01:04:00","2016-01-10 00:40:50"
"911",22,"2016-01-05 05:35:24",-51.1595022,-23.3112877,"2016-01-05 01:04:00","2016-01-10 00:40:50"
"910",NA,"2016-01-05 05:42:54",-70.5128143,-18.2087787,"2016-01-05 01:04:00","2016-01-10 00:40:50"
"909",18,"2016-01-05 05:45:25",-55.8939676,-27.3664866,"2016-01-05 01:04:00","2016-01-10 00:40:50"
"908",18,"2016-01-05 05:47:30",-55.8939676,-27.3664866,"2016-01-05 01:04:00","2016-01-10 00:40:50"
"907",10,"2016-01-05 06:19:08",-65.4101932,-24.7893822,"2016-01-05 01:04:00","2016-01-10 00:40:50"
"906",18,"2016-01-05 08:44:36",-58.8328657,-27.4720341,"2016-01-05 01:04:00","2016-01-10 00:40:50"
"905",NA,"2016-01-05 09:09:27",-78.0000546,24.7736546,"2016-01-05 01:04:00","2016-01-10 00:40:50"
"904",26,"2016-01-05 09:50:36",-46.6333823,-23.5506506,"2016-01-05 01:04:00","2016-01-10 00:40:50"
"903",37,"2016-01-05 09:58:30",101.1127226,4.6057452,"2016-01-05 01:04:00","2016-01-10 00:40:50"
"902",25,"2016-01-05 10:03:53",-49.2712361,-25.4295696,"2016-01-05 01:04:00","2016-01-10 00:40:50"
"901",31,"2016-01-05 10:04:29",-40.8503193745,-18.8311868,"2016-01-05 01:04:00","2016-01-10 00:40:50"
"900",18,"2016-01-05 10:53:26",-57.6311195,-25.2959915,"2016-01-05 01:04:00","2016-01-10 00:40:50"
"899",30,"2016-01-05 11:00:40",-43.2093726,-22.9110136,"2016-01-05 01:04:00","2016-01-10 00:40:50"
"898",38,"2016-01-05 11:03:09",122.5690318,10.702427,"2016-01-05 01:04:00","2016-01-10 00:40:50"
"897",18,"2016-01-05 11:21:51",-57.6311195,-25.2959915,"2016-01-05 01:04:00","2016-01-10 00:40:50"
"896",37,"2016-01-05 11:36:54",101.5966339,3.13752,"2016-01-05 01:04:00","2016-01-10 00:40:50"
"895",NA,"2016-01-05 11:38:45",125.6080710913,7.06126355,"2016-01-05 01:04:00","2016-01-10 00:40:50"
"894",37,"2016-01-05 11:58:50",101.5574374,3.0694761,"2016-01-05 01:04:00","2016-01-10 00:40:50"
"893",34,"2016-01-05 12:07:52",-35.2426003,-7.4496669,"2016-01-05 01:04:00","2016-01-10 00:40:50"
"892",17,"2016-01-05 12:13:55",-58.4375796,-34.6075797,"2016-01-05 01:04:00","2016-01-10 00:40:50"
"891",18,"2016-01-05 12:15:10",-55.8939676,-27.3664866,"2016-01-05 01:04:00","2016-01-10 00:40:50"
"890",38,"2016-01-05 12:21:30",120.2835205,14.8314675,"2016-01-05 01:04:00","2016-01-10 00:40:50"
"889",30,"2016-01-05 12:25:13",-43.2093726,-22.9110136,"2016-01-05 01:04:00","2016-01-10 00:40:50"
"888",17,"2016-01-05 12:28:19",-58.4375796,-34.6075797,"2016-01-05 01:04:00","2016-01-10 00:40:50"
"887",36,"2016-01-05 12:40:33",-34.8781516,-8.064193,"2016-01-05 01:04:00","2016-01-10 00:40:50"
"886",17,"2016-01-05 12:40:34",-58.4375796,-34.6075797,"2016-01-05 01:04:00","2016-01-10 00:40:50"
"885",NA,"2016-01-05 12:41:34",-74.0852376575,4.63874255,"2016-01-05 01:04:00","2016-01-10 00:40:50"
"884",7,"2016-01-05 12:46:30",-70.3028025,19.0974031,"2016-01-05 01:04:00","2016-01-10 00:40:50"
"883",18,"2016-01-05 12:54:36",-55.8939676,-27.3664866,"2016-01-05 01:04:00","2016-01-10 00:40:50"
"882",26,"2016-01-05 12:59:20",-46.6333823,-23.5506506,"2016-01-05 01:04:00","2016-01-10 00:40:50"
"881",18,"2016-01-05 13:06:36",-55.8939676,-27.3664866,"2016-01-05 01:04:00","2016-01-10 00:40:50"
"880",38,"2016-01-05 13:10:19",121.0329706,14.5736108,"2016-01-05 01:04:00","2016-01-10 00:40:50"
"879",18,"2016-01-05 13:12:43",-55.8939676,-27.3664866,"2016-01-05 01:04:00","2016-01-10 00:40:50"
"878",19,"2016-01-05 13:15:58",-58.1693444,-23.3165934,"2016-01-05 01:04:00","2016-01-10 00:40:50"
"877",19,"2016-01-05 13:22:40",-58.1693444,-23.3165934,"2016-01-05 01:04:00","2016-01-10 00:40:50"
"876",14,"2016-01-05 13:22:43",-60.4289717,-24.5955305,"2016-01-05 01:04:00","2016-01-10 00:40:50"
"875",14,"2016-01-05 13:23:41",-60.4289717,-24.5955305,"2016-01-05 01:04:00","2016-01-10 00:40:50"
"874",14,"2016-01-05 13:23:57",-60.4289717,-24.5955305,"2016-01-05 01:04:00","2016-01-10 00:40:50"
"873",24,"2016-01-05 13:27:44",-53.1999999,-10.3333332,"2016-01-05 01:04:00","2016-01-10 00:40:50"
"872",26,"2016-01-05 13:29:50",-45.8872968,-23.180501,"2016-01-05 01:04:00","2016-01-10 00:40:50"
"871",26,"2016-01-05 13:38:55",-46.3338889,-23.9608329,"2016-01-05 01:04:00","2016-01-10 00:40:50"
"870",18,"2016-01-05 13:40:41",-55.8939676,-27.3664866,"2016-01-05 01:04:00","2016-01-10 00:40:50"
"869",18,"2016-01-05 13:45:59",-55.8939676,-27.3664866,"2016-01-05 01:04:00","2016-01-10 00:40:50"
"868",30,"2016-01-05 13:51:44",-42.9427769,-21.1199999,"2016-01-05 01:04:00","2016-01-10 00:40:50"
"867",30,"2016-01-05 13:52:00",-42.9427769,-21.1199999,"2016-01-05 01:04:00","2016-01-10 00:40:50"
"866",18,"2016-01-05 14:14:23",-58.8328657,-27.4720341,"2016-01-05 01:04:00","2016-01-10 00:40:50"
"865",26,"2016-01-05 14:21:44",-49.1593922,-22.8742566,"2016-01-05 01:04:00","2016-01-10 00:40:50"
"864",38,"2016-01-05 14:33:57",121.0475399,14.3894091,"2016-01-05 01:04:00","2016-01-10 00:40:50"
"863",30,"2016-01-05 14:34:24",-43.2093726,-22.9110136,"2016-01-05 01:04:00","2016-01-10 00:40:50"
"862",36,"2016-01-05 14:34:58",-34.8781516,-8.064193,"2016-01-05 01:04:00","2016-01-10 00:40:50"
"861",38,"2016-01-05 14:38:10",121.023532,14.5568853,"2016-01-05 01:04:00","2016-01-10 00:40:50"
"860",26,"2016-01-05 14:39:57",-46.6333823,-23.5506506,"2016-01-05 01:04:00","2016-01-10 00:40:50"
"859",17,"2016-01-05 14:40:57",-58.4375796,-34.6075797,"2016-01-05 01:04:00","2016-01-10 00:40:50"
"858",3,"2016-01-05 14:51:34",-78.5480189,-9.1170899,"2016-01-05 01:04:00","2016-01-10 00:40:50"
"857",24,"2016-01-05 15:11:06",-53.1999999,-10.3333332,"2016-01-05 01:04:00","2016-01-10 00:40:50"
"856",30,"2016-01-05 15:25:10",-43.0309251,-22.8219013,"2016-01-05 01:04:00","2016-01-10 00:40:50"
"855",39,"2016-01-05 15:30:24",120.5985733,15.6069315,"2016-01-05 01:04:00","2016-01-10 00:40:50"
"854",20,"2016-01-05 15:38:28",-51.1873548,-30.0051637,"2016-01-05 01:04:00","2016-01-10 00:40:50"
"853",26,"2016-01-05 15:42:39",-46.6333823,-23.5506506,"2016-01-05 01:04:00","2016-01-10 00:40:50"
"852",18,"2016-01-05 15:56:16",-55.8939676,-27.3664866,"2016-01-05 01:04:00","2016-01-10 00:40:50"
"851",NA,"2016-01-05 15:56:47",-67.8220777,-9.9765361,"2016-01-05 01:04:00","2016-01-10 00:40:50"
"850",31,"2016-01-05 16:01:15",-43.9450947,-19.9227317,"2016-01-05 01:04:00","2016-01-10 00:40:50"
"849",11,"2016-01-05 16:02:21",-66.1109317,8.0018709,"2016-01-05 01:04:00","2016-01-10 00:40:50"
"848",20,"2016-01-05 16:10:09",-51.2304999,-30.0329999,"2016-01-05 01:04:00","2016-01-10 00:40:50"
"847",33,"2016-01-05 16:11:45",-37.0774654,-10.916206,"2016-01-05 01:04:00","2016-01-10 00:40:50"
"846",11,"2016-01-05 16:18:16",-66.1109317,8.0018709,"2016-01-05 01:04:00","2016-01-10 00:40:50"
"845",38,"2016-01-05 16:19:38",121.0486155,14.6509905,"2016-01-05 01:04:00","2016-01-10 00:40:50"
"844",31,"2016-01-05 16:23:00",-43.9450947,-19.9227317,"2016-01-05 01:04:00","2016-01-10 00:40:50"
"843",26,"2016-01-05 16:27:33",-47.0608299,-22.9055599,"2016-01-05 01:04:00","2016-01-10 00:40:50"
"842",12,"2016-01-05 16:29:20",-69.3215666,10.0740372,"2016-01-05 01:04:00","2016-01-10 00:40:50"
"841",11,"2016-01-05 16:30:37",-66.1109317,8.0018709,"2016-01-05 01:04:00","2016-01-10 00:40:50"
"840",21,"2016-01-05 16:31:17",-51.179386,-29.1684795,"2016-01-05 01:04:00","2016-01-10 00:40:50"
"839",21,"2016-01-05 16:33:15",-54.4779286,-27.8643545,"2016-01-05 01:04:00","2016-01-10 00:40:50"
"838",38,"2016-01-05 16:33:56",121.0486155,14.6509905,"2016-01-05 01:04:00","2016-01-10 00:40:50"
"837",27,"2016-01-05 16:38:24",-49.253269,-16.6808819,"2016-01-05 01:04:00","2016-01-10 00:40:50"
"836",21,"2016-01-05 16:40:33",-54.4779286,-27.8643545,"2016-01-05 01:04:00","2016-01-10 00:40:50"
"835",24,"2016-01-05 16:54:06",-53.1999999,-10.3333332,"2016-01-05 01:04:00","2016-01-10 00:40:50"
"834",20,"2016-01-05 16:58:50",-51.2304999,-30.0329999,"2016-01-05 01:04:00","2016-01-10 00:40:50"
"833",36,"2016-01-05 17:16:58",-34.8781516,-8.064193,"2016-01-05 01:04:00","2016-01-10 00:40:50"
"832",36,"2016-01-05 17:23:58",-34.8781516,-8.064193,"2016-01-05 01:04:00","2016-01-10 00:40:50"
"831",26,"2016-01-05 18:03:39",-46.6333823,-23.5506506,"2016-01-05 01:04:00","2016-01-10 00:40:50"
"830",21,"2016-01-05 18:11:12",-51.9626137,-29.4675211,"2016-01-05 01:04:00","2016-01-10 00:40:50"
"829",NA,"2016-01-05 18:18:14",-42.8095879,-5.0896402,"2016-01-05 01:04:00","2016-01-10 00:40:50"
"828",30,"2016-01-05 18:39:13",-43.2093726,-22.9110136,"2016-01-05 01:04:00","2016-01-10 00:40:50"
"827",25,"2016-01-05 18:43:56",-48.6535656,-27.02736,"2016-01-05 01:04:00","2016-01-10 00:40:50"
"826",11,"2016-01-05 18:45:26",-66.1109317,8.0018709,"2016-01-05 01:04:00","2016-01-10 00:40:50"
"825",NA,"2016-01-05 18:54:00",-102.5,22.0000001,"2016-01-05 01:04:00","2016-01-10 00:40:50"
"824",31,"2016-01-05 18:54:15",-44.4305992,-18.7571925,"2016-01-05 01:04:00","2016-01-10 00:40:50"
"823",26,"2016-01-05 19:03:41",-46.6333823,-23.5506506,"2016-01-05 01:04:00","2016-01-10 00:40:50"
"822",30,"2016-01-05 19:05:00",-43.4729341,-20.8571755,"2016-01-05 01:04:00","2016-01-10 00:40:50"
"821",11,"2016-01-05 19:05:19",-66.1109317,8.0018709,"2016-01-05 01:04:00","2016-01-10 00:40:50"
"820",11,"2016-01-05 19:14:07",-66.1109317,8.0018709,"2016-01-05 01:04:00","2016-01-10 00:40:50"
"819",NA,"2016-01-05 19:14:36",-81.3066245,8.3096067,"2016-01-05 01:04:00","2016-01-10 00:40:50"
"818",18,"2016-01-05 19:15:43",-55.8939676,-27.3664866,"2016-01-05 01:04:00","2016-01-10 00:40:50"
"817",20,"2016-01-05 19:16:36",-51.2304999,-30.0329999,"2016-01-05 01:04:00","2016-01-10 00:40:50"
"816",11,"2016-01-05 19:17:04",-66.1109317,8.0018709,"2016-01-05 01:04:00","2016-01-10 00:40:50"
"815",18,"2016-01-05 19:32:38",-57.4999999,-25.4999999,"2016-01-05 01:04:00","2016-01-10 00:40:50"
"814",20,"2016-01-05 19:32:54",-51.2304999,-30.0329999,"2016-01-05 01:04:00","2016-01-10 00:40:50"
"813",17,"2016-01-05 19:40:25",-57.9537637,-34.9206796,"2016-01-05 01:04:00","2016-01-10 00:40:50"
"812",18,"2016-01-05 19:41:47",-55.8939676,-27.3664866,"2016-01-05 01:04:00","2016-01-10 00:40:50"
"811",26,"2016-01-05 19:47:48",-46.6333823,-23.5506506,"2016-01-05 01:04:00","2016-01-10 00:40:50"
"810",30,"2016-01-05 19:53:53",-41.8875266,-22.7597804,"2016-01-05 01:04:00","2016-01-10 00:40:50"
"809",36,"2016-01-05 20:02:51",-34.8781516,-8.064193,"2016-01-05 01:04:00","2016-01-10 00:40:50"
"808",17,"2016-01-05 20:09:54",-57.9537637,-34.9206796,"2016-01-05 01:04:00","2016-01-10 00:40:50"
"807",11,"2016-01-05 20:24:03",-66.1109317,8.0018709,"2016-01-05 01:04:00","2016-01-10 00:40:50"
"806",30,"2016-01-05 20:24:10",-43.2093726,-22.9110136,"2016-01-05 01:04:00","2016-01-10 00:40:50"
"805",17,"2016-01-05 20:24:25",-57.9537637,-34.9206796,"2016-01-05 01:04:00","2016-01-10 00:40:50"
"804",30,"2016-01-05 20:33:42",-43.2093726,-22.9110136,"2016-01-05 01:04:00","2016-01-10 00:40:50"
"803",14,"2016-01-05 20:37:14",-60.4289717,-24.5955305,"2016-01-05 01:04:00","2016-01-10 00:40:50"
"802",25,"2016-01-05 20:48:37",-48.9781318,-27.0864325,"2016-01-05 01:04:00","2016-01-10 00:40:50"
"801",23,"2016-01-05 21:05:25",-50.9191218,-17.7921254,"2016-01-05 01:04:00","2016-01-10 00:40:50"
"800",38,"2016-01-05 21:07:25",123.8930839,10.3090298,"2016-01-05 01:04:00","2016-01-10 00:40:50"
"799",27,"2016-01-05 21:08:29",-48.9525755,-16.3332827,"2016-01-05 01:04:00","2016-01-10 00:40:50"
"798",26,"2016-01-05 21:13:55",-46.6333823,-23.5506506,"2016-01-05 01:04:00","2016-01-10 00:40:50"
"797",3,"2016-01-05 21:31:02",-75.0458514,-6.8699696,"2016-01-05 01:04:00","2016-01-10 00:40:50"
"796",26,"2016-01-05 21:35:21",-46.1909468,-23.5241171,"2016-01-05 01:04:00","2016-01-10 00:40:50"
"795",NA,"2016-01-05 21:38:02",-64.9912285,-17.0568695,"2016-01-05 01:04:00","2016-01-10 00:40:50"
"794",26,"2016-01-05 21:45:18",-46.6333823,-23.5506506,"2016-01-05 01:04:00","2016-01-10 00:40:50"
"793",28,"2016-01-05 21:52:20",-48.3337792,-10.1835603,"2016-01-05 01:04:00","2016-01-10 00:40:50"
"792",31,"2016-01-05 21:54:01",-44.0840952,-19.9132748,"2016-01-05 01:04:00","2016-01-10 00:40:50"
"791",31,"2016-01-05 22:02:36",-41.2554621,-19.3254412,"2016-01-05 01:04:00","2016-01-10 00:40:50"
"790",NA,"2016-01-05 22:20:00",-155.9608427,19.5625262,"2016-01-05 01:04:00","2016-01-10 00:40:50"
"789",26,"2016-01-05 22:25:57",-47.806667,-21.1783329,"2016-01-05 01:04:00","2016-01-10 00:40:50"
"788",26,"2016-01-05 22:28:36",-47.806667,-21.1783329,"2016-01-05 01:04:00","2016-01-10 00:40:50"
"787",8,"2016-01-05 22:29:23",-71.0595677,42.3604823,"2016-01-05 01:04:00","2016-01-10 00:40:50"
"786",25,"2016-01-05 22:31:08",-49.2712361,-25.4295696,"2016-01-05 01:04:00","2016-01-10 00:40:50"
"785",30,"2016-01-05 22:34:03",-40.2920625,-20.3297248,"2016-01-05 01:04:00","2016-01-10 00:40:50"
"784",26,"2016-01-05 22:38:39",-46.6333823,-23.5506506,"2016-01-05 01:04:00","2016-01-10 00:40:50"
"783",2,"2016-01-05 22:42:38",-84.8700307,12.3724928,"2016-01-05 01:04:00","2016-01-10 00:40:50"
"782",34,"2016-01-05 22:56:12",-35.9722851,-8.2829701,"2016-01-05 01:04:00","2016-01-10 00:40:50"
"781",30,"2016-01-05 23:04:27",-44.71747,-23.2221122,"2016-01-05 01:04:00","2016-01-10 00:40:50"
"780",26,"2016-01-05 23:05:52",-46.3199829,-23.3964759,"2016-01-05 01:04:00","2016-01-10 00:40:50"
"779",34,"2016-01-05 23:08:12",-35.2080904,-5.8053979,"2016-01-05 01:04:00","2016-01-10 00:40:50"
"778",26,"2016-01-05 23:33:36",-49.3804211,-20.812585,"2016-01-05 01:04:00","2016-01-10 00:40:50"
"777",25,"2016-01-05 23:33:56",-49.2712361,-25.4295696,"2016-01-05 01:04:00","2016-01-10 00:40:50"
"776",26,"2016-01-05 23:43:06",-45.0541669,-22.1163889,"2016-01-05 01:04:00","2016-01-10 00:40:50"
"775",29,"2016-01-05 23:46:11",-48.4682452,-1.4505599,"2016-01-05 01:04:00","2016-01-10 00:40:50"
"774",NA,"2016-01-06 00:03:02",-66.2025666,-28.1400306,"2016-01-05 01:04:00","2016-01-10 00:40:50"
"773",18,"2016-01-06 00:04:13",-57.6311195,-25.2959915,"2016-01-05 01:04:00","2016-01-10 00:40:50"
"772",4,"2016-01-06 00:05:20",-79.3666964,-1.3397667,"2016-01-05 01:04:00","2016-01-10 00:40:50"
"771",NA,"2016-01-06 00:18:21",151.210047,-33.8679573,"2016-01-05 01:04:00","2016-01-10 00:40:50"
"770",25,"2016-01-06 00:31:30",-49.2712361,-25.4295696,"2016-01-05 01:04:00","2016-01-10 00:40:50"
"769",26,"2016-01-06 00:48:04",-46.6333823,-23.5506506,"2016-01-05 01:04:00","2016-01-10 00:40:50"
"768",26,"2016-01-06 00:54:50",-46.6333823,-23.5506506,"2016-01-05 01:04:00","2016-01-10 00:40:50"
"767",30,"2016-01-06 00:55:14",-42.3663889,-21.1305559,"2016-01-05 01:04:00","2016-01-10 00:40:50"
"766",25,"2016-01-06 01:03:53",-48.8486725,-26.3044897,"2016-01-05 01:04:00","2016-01-10 00:40:50"
"765",27,"2016-01-06 01:09:30",-45.2517287,-19.7375241,"2016-01-05 01:04:00","2016-01-10 00:40:50"
"764",18,"2016-01-06 01:12:23",-57.6311195,-25.2959915,"2016-01-05 01:04:00","2016-01-10 00:40:50"
"763",25,"2016-01-06 01:29:22",-48.5110619,-25.6735329,"2016-01-05 01:04:00","2016-01-10 00:40:50"
"762",27,"2016-01-06 01:40:05",-47.613128,-16.7676078,"2016-01-05 01:04:00","2016-01-10 00:40:50"
"761",31,"2016-01-06 02:06:56",-41.9458752,-18.8539496,"2016-01-05 01:04:00","2016-01-10 00:40:50"
"760",NA,"2016-01-06 02:21:56",-74.1745005,4.9289303,"2016-01-05 01:04:00","2016-01-10 00:40:50"
"759",37,"2016-01-06 02:25:05",103.852038,1.2904527,"2016-01-05 01:04:00","2016-01-10 00:40:50"
"758",20,"2016-01-06 02:25:24",-52.0991296,-32.0334251,"2016-01-05 01:04:00","2016-01-10 00:40:50"
"757",37,"2016-01-06 02:25:46",103.852038,1.2904527,"2016-01-05 01:04:00","2016-01-10 00:40:50"
"756",NA,"2016-01-06 02:38:21",-56.09913,-15.5986685,"2016-01-05 01:04:00","2016-01-10 00:40:50"
"755",30,"2016-01-06 02:45:10",-43.2093726,-22.9110136,"2016-01-05 01:04:00","2016-01-10 00:40:50"
"754",18,"2016-01-06 02:59:37",-55.8939676,-27.3664866,"2016-01-05 01:04:00","2016-01-10 00:40:50"
"753",17,"2016-01-06 03:06:44",-58.4375796,-34.6075797,"2016-01-05 01:04:00","2016-01-10 00:40:50"
"752",31,"2016-01-06 03:16:00",-43.9450947,-19.9227317,"2016-01-05 01:04:00","2016-01-10 00:40:50"
"751",6,"2016-01-06 03:17:45",-73.8807027103,11.0869172,"2016-01-05 01:04:00","2016-01-10 00:40:50"
"750",NA,"2016-01-06 03:17:53",-67.4807525,-45.8653442,"2016-01-05 01:04:00","2016-01-10 00:40:50"
"749",26,"2016-01-06 03:27:59",-46.6333823,-23.5506506,"2016-01-05 01:04:00","2016-01-10 00:40:50"
"748",17,"2016-01-06 03:30:09",-58.2688679,-34.7303024,"2016-01-05 01:04:00","2016-01-10 00:40:50"
"747",26,"2016-01-06 03:32:47",-46.6333823,-23.5506506,"2016-01-05 01:04:00","2016-01-10 00:40:50"
"746",21,"2016-01-06 03:34:34",-53.8069213,-29.6860511,"2016-01-05 01:04:00","2016-01-10 00:40:50"
"745",25,"2016-01-06 03:36:12",-48.5251853,-25.5121903,"2016-01-05 01:04:00","2016-01-10 00:40:50"
"744",36,"2016-01-06 03:41:26",-34.8820279,-7.121598,"2016-01-05 01:04:00","2016-01-10 00:40:50"
"743",31,"2016-01-06 03:42:04",-44.6075312,-19.8599636,"2016-01-05 01:04:00","2016-01-10 00:40:50"
"742",18,"2016-01-06 03:45:09",-57.4999999,-25.4999999,"2016-01-05 01:04:00","2016-01-10 00:40:50"
"741",31,"2016-01-06 03:49:48",-43.9450947,-19.9227317,"2016-01-05 01:04:00","2016-01-10 00:40:50"
"740",31,"2016-01-06 04:01:40",-43.9450947,-19.9227317,"2016-01-05 01:04:00","2016-01-10 00:40:50"
"739",37,"2016-01-06 04:27:17",101.9820014518,3.97822225,"2016-01-05 01:04:00","2016-01-10 00:40:50"
"738",39,"2016-01-06 04:31:29",120.9063408,15.3096543,"2016-01-05 01:04:00","2016-01-10 00:40:50"
"737",27,"2016-01-06 04:44:34",-48.2767836,-18.918804,"2016-01-05 01:04:00","2016-01-10 00:40:50"
"736",24,"2016-01-06 04:57:51",-53.1999999,-10.3333332,"2016-01-05 01:04:00","2016-01-10 00:40:50"
"735",36,"2016-01-06 05:04:39",-34.8781516,-8.064193,"2016-01-05 01:04:00","2016-01-10 00:40:50"
"734",39,"2016-01-06 05:08:15",121.7327065,17.6125761,"2016-01-05 01:04:00","2016-01-10 00:40:50"
"733",37,"2016-01-06 05:13:20",103.852038,1.2904527,"2016-01-05 01:04:00","2016-01-10 00:40:50"
"732",12,"2016-01-06 05:18:17",-66.8785653,10.5085014,"2016-01-05 01:04:00","2016-01-10 00:40:50"
"731",31,"2016-01-06 05:20:05",-43.9450947,-19.9227317,"2016-01-05 01:04:00","2016-01-10 00:40:50"
"730",17,"2016-01-06 05:20:41",-58.4375796,-34.6075797,"2016-01-05 01:04:00","2016-01-10 00:40:50"
"729",18,"2016-01-06 05:28:50",-55.8939676,-27.3664866,"2016-01-05 01:04:00","2016-01-10 00:40:50"
"728",26,"2016-01-06 05:30:25",-47.4580559,-23.5016669,"2016-01-05 01:04:00","2016-01-10 00:40:50"
"727",21,"2016-01-06 05:36:58",-51.179386,-29.1684795,"2016-01-05 01:04:00","2016-01-10 00:40:50"
"726",NA,"2016-01-06 05:42:16",-93.1418085426,16.74521845,"2016-01-05 01:04:00","2016-01-10 00:40:50"
"725",NA,"2016-01-06 08:53:04",5.6511088,9.9326083,"2016-01-05 01:04:00","2016-01-10 00:40:50"
"724",8,"2016-01-06 09:35:24",-73.9597221,40.7902778,"2016-01-05 01:04:00","2016-01-10 00:40:50"
"723",30,"2016-01-06 10:11:38",-43.2093726,-22.9110136,"2016-01-05 01:04:00","2016-01-10 00:40:50"
"722",19,"2016-01-06 10:33:09",-58.1693444,-23.3165934,"2016-01-05 01:04:00","2016-01-10 00:40:50"
"721",19,"2016-01-06 10:33:37",-58.1693444,-23.3165934,"2016-01-05 01:04:00","2016-01-10 00:40:50"
"720",12,"2016-01-06 10:35:30",-69.3215666,10.0740372,"2016-01-05 01:04:00","2016-01-10 00:40:50"
"719",19,"2016-01-06 10:36:54",-58.1693444,-23.3165934,"2016-01-05 01:04:00","2016-01-10 00:40:50"
"718",19,"2016-01-06 10:40:46",-58.1693444,-23.3165934,"2016-01-05 01:04:00","2016-01-10 00:40:50"
"717",19,"2016-01-06 10:44:48",-58.1693444,-23.3165934,"2016-01-05 01:04:00","2016-01-10 00:40:50"
"716",19,"2016-01-06 10:45:43",-58.1693444,-23.3165934,"2016-01-05 01:04:00","2016-01-10 00:40:50"
"715",19,"2016-01-06 10:46:11",-58.1693444,-23.3165934,"2016-01-05 01:04:00","2016-01-10 00:40:50"
"714",30,"2016-01-06 11:02:21",-43.2093726,-22.9110136,"2016-01-05 01:04:00","2016-01-10 00:40:50"
"713",4,"2016-01-06 11:05:23",-78.5123273,-0.220164,"2016-01-05 01:04:00","2016-01-10 00:40:50"
"712",36,"2016-01-06 11:14:42",-34.8781516,-8.064193,"2016-01-05 01:04:00","2016-01-10 00:40:50"
"711",26,"2016-01-06 11:24:32",-46.6333823,-23.5506506,"2016-01-05 01:04:00","2016-01-10 00:40:50"
"710",26,"2016-01-06 11:25:29",-46.6333823,-23.5506506,"2016-01-05 01:04:00","2016-01-10 00:40:50"
"709",13,"2016-01-06 11:28:36",-64.1833189,-31.417339,"2016-01-05 01:04:00","2016-01-10 00:40:50"
"708",13,"2016-01-06 11:45:09",-64.1833189,-31.417339,"2016-01-05 01:04:00","2016-01-10 00:40:50"
"707",19,"2016-01-06 11:45:20",-58.1693444,-23.3165934,"2016-01-05 01:04:00","2016-01-10 00:40:50"
"706",19,"2016-01-06 11:49:26",-58.1693444,-23.3165934,"2016-01-05 01:04:00","2016-01-10 00:40:50"
"705",31,"2016-01-06 12:03:48",-43.9450947,-19.9227317,"2016-01-05 01:04:00","2016-01-10 00:40:50"
"704",18,"2016-01-06 12:07:05",-55.8939676,-27.3664866,"2016-01-05 01:04:00","2016-01-10 00:40:50"
"703",24,"2016-01-06 12:12:26",-53.1999999,-10.3333332,"2016-01-05 01:04:00","2016-01-10 00:40:50"
"702",26,"2016-01-06 12:24:42",-46.6333823,-23.5506506,"2016-01-05 01:04:00","2016-01-10 00:40:50"
"701",27,"2016-01-06 12:29:48",-49.2452545,-16.8226742,"2016-01-05 01:04:00","2016-01-10 00:40:50"
"700",27,"2016-01-06 12:30:53",-49.2452545,-16.8226742,"2016-01-05 01:04:00","2016-01-10 00:40:50"
"699",31,"2016-01-06 12:42:33",-43.8107915,-19.8900371,"2016-01-05 01:04:00","2016-01-10 00:40:50"
"698",30,"2016-01-06 12:43:00",-42.9427769,-21.1199999,"2016-01-05 01:04:00","2016-01-10 00:40:50"
"697",25,"2016-01-06 12:44:06",-49.2712361,-25.4295696,"2016-01-05 01:04:00","2016-01-10 00:40:50"
"696",34,"2016-01-06 12:44:36",-35.7339263,-9.6476842,"2016-01-05 01:04:00","2016-01-10 00:40:50"
"695",34,"2016-01-06 12:45:51",-35.7339263,-9.6476842,"2016-01-05 01:04:00","2016-01-10 00:40:50"
"694",38,"2016-01-06 12:55:05",121.0649551,14.6783319,"2016-01-05 01:04:00","2016-01-10 00:40:50"
"693",30,"2016-01-06 12:55:17",-43.2093726,-22.9110136,"2016-01-05 01:04:00","2016-01-10 00:40:50"
"692",25,"2016-01-06 12:59:23",-49.2712361,-25.4295696,"2016-01-05 01:04:00","2016-01-10 00:40:50"
"691",25,"2016-01-06 13:04:56",-49.2712361,-25.4295696,"2016-01-05 01:04:00","2016-01-10 00:40:50"
"690",4,"2016-01-06 13:10:28",-78.5123273,-0.220164,"2016-01-05 01:04:00","2016-01-10 00:40:50"
"689",26,"2016-01-06 13:28:18",-45.5612791,-23.0314479,"2016-01-05 01:04:00","2016-01-10 00:40:50"
"688",18,"2016-01-06 13:31:33",-55.8939676,-27.3664866,"2016-01-05 01:04:00","2016-01-10 00:40:50"
"687",13,"2016-01-06 13:40:30",-64.1833189,-31.417339,"2016-01-05 01:04:00","2016-01-10 00:40:50"
"686",30,"2016-01-06 13:53:21",-43.7331074,-22.5268468,"2016-01-05 01:04:00","2016-01-10 00:40:50"
"685",26,"2016-01-06 14:08:00",-46.7939059,-24.1839499,"2016-01-05 01:04:00","2016-01-10 00:40:50"
"684",38,"2016-01-06 14:11:06",121.1042622,14.6046731,"2016-01-05 01:04:00","2016-01-10 00:40:50"
"683",39,"2016-01-06 14:21:27",121.7327065,17.6125761,"2016-01-05 01:04:00","2016-01-10 00:40:50"
"682",24,"2016-01-06 14:21:49",-53.1999999,-10.3333332,"2016-01-05 01:04:00","2016-01-10 00:40:50"
"681",25,"2016-01-06 14:26:37",-48.5251853,-25.5121903,"2016-01-05 01:04:00","2016-01-10 00:40:50"
"680",37,"2016-01-06 14:34:33",101.5574374,3.0694761,"2016-01-05 01:04:00","2016-01-10 00:40:50"
"679",18,"2016-01-06 14:37:54",-57.6311195,-25.2959915,"2016-01-05 01:04:00","2016-01-10 00:40:50"
"678",24,"2016-01-06 14:47:50",-53.1999999,-10.3333332,"2016-01-05 01:04:00","2016-01-10 00:40:50"
"677",31,"2016-01-06 14:50:38",-44.7089253,-19.9552779,"2016-01-05 01:04:00","2016-01-10 00:40:50"
"676",30,"2016-01-06 14:57:44",-43.2093726,-22.9110136,"2016-01-05 01:04:00","2016-01-10 00:40:50"
"675",31,"2016-01-06 14:57:54",-44.7089253,-19.9552779,"2016-01-05 01:04:00","2016-01-10 00:40:50"
"674",31,"2016-01-06 14:59:42",-44.7089253,-19.9552779,"2016-01-05 01:04:00","2016-01-10 00:40:50"
"673",18,"2016-01-06 14:59:43",-55.8939676,-27.3664866,"2016-01-05 01:04:00","2016-01-10 00:40:50"
"672",26,"2016-01-06 15:00:29",-45.932724,-22.2343857,"2016-01-05 01:04:00","2016-01-10 00:40:50"
"671",18,"2016-01-06 15:03:44",-57.6311195,-25.2959915,"2016-01-05 01:04:00","2016-01-10 00:40:50"
"670",31,"2016-01-06 15:05:09",-44.7089253,-19.9552779,"2016-01-05 01:04:00","2016-01-10 00:40:50"
"669",26,"2016-01-06 15:16:26",-46.2558331,-23.9927767,"2016-01-05 01:04:00","2016-01-10 00:40:50"
"668",7,"2016-01-06 15:19:32",-70.3028025,19.0974031,"2016-01-05 01:04:00","2016-01-10 00:40:50"
"667",19,"2016-01-06 15:27:15",-58.1693444,-23.3165934,"2016-01-05 01:04:00","2016-01-10 00:40:50"
"666",26,"2016-01-06 15:29:57",-46.6333823,-23.5506506,"2016-01-05 01:04:00","2016-01-10 00:40:50"
"665",17,"2016-01-06 15:39:21",-58.4375796,-34.6075797,"2016-01-05 01:04:00","2016-01-10 00:40:50"
"664",3,"2016-01-06 15:39:26",-75.0458514,-6.8699696,"2016-01-05 01:04:00","2016-01-10 00:40:50"
"663",22,"2016-01-06 15:41:35",-50.4746399,-21.4039619,"2016-01-05 01:04:00","2016-01-10 00:40:50"
"662",18,"2016-01-06 15:46:05",-55.8939676,-27.3664866,"2016-01-05 01:04:00","2016-01-10 00:40:50"
"661",25,"2016-01-06 15:50:56",-49.9458326,-25.11302,"2016-01-05 01:04:00","2016-01-10 00:40:50"
"660",30,"2016-01-06 15:51:20",-40.3016326,-20.2996825,"2016-01-05 01:04:00","2016-01-10 00:40:50"
"659",2,"2016-01-06 16:03:02",-84.0739101,10.2735633,"2016-01-05 01:04:00","2016-01-10 00:40:50"
"658",30,"2016-01-06 16:07:59",-43.2093726,-22.9110136,"2016-01-05 01:04:00","2016-01-10 00:40:50"
"657",NA,"2016-01-06 16:17:51",-103.4664127778,25.6799934,"2016-01-05 01:04:00","2016-01-10 00:40:50"
"656",31,"2016-01-06 16:19:37",-43.9450947,-19.9227317,"2016-01-05 01:04:00","2016-01-10 00:40:50"
"655",36,"2016-01-06 16:37:54",-34.8781516,-8.064193,"2016-01-05 01:04:00","2016-01-10 00:40:50"
"654",26,"2016-01-06 16:49:34",-48.4790829,-20.9490769,"2016-01-05 01:04:00","2016-01-10 00:40:50"
"653",NA,"2016-01-06 17:14:05",-3.7715626755,40.5248319,"2016-01-05 01:04:00","2016-01-10 00:40:50"
"652",25,"2016-01-06 17:15:19",-48.5251853,-25.5121903,"2016-01-05 01:04:00","2016-01-10 00:40:50"
"651",NA,"2016-01-06 17:49:00",-103.4664127778,25.6799934,"2016-01-05 01:04:00","2016-01-10 00:40:50"
"650",18,"2016-01-06 17:52:26",-55.8939676,-27.3664866,"2016-01-05 01:04:00","2016-01-10 00:40:50"
"649",NA,"2016-01-06 17:55:26",-103.4664127778,25.6799934,"2016-01-05 01:04:00","2016-01-10 00:40:50"
"648",20,"2016-01-06 18:09:00",-51.1999465,-30.1297888,"2016-01-05 01:04:00","2016-01-10 00:40:50"
"647",24,"2016-01-06 18:16:12",-53.1999999,-10.3333332,"2016-01-05 01:04:00","2016-01-10 00:40:50"
"646",19,"2016-01-06 18:49:54",-58.1693444,-23.3165934,"2016-01-05 01:04:00","2016-01-10 00:40:50"
"645",19,"2016-01-06 18:51:48",-58.1693444,-23.3165934,"2016-01-05 01:04:00","2016-01-10 00:40:50"
"644",30,"2016-01-06 18:52:58",-43.2093726,-22.9110136,"2016-01-05 01:04:00","2016-01-10 00:40:50"
"643",19,"2016-01-06 18:58:10",-58.1693444,-23.3165934,"2016-01-05 01:04:00","2016-01-10 00:40:50"
"642",26,"2016-01-06 19:05:37",-46.3691669,-22.2830559,"2016-01-05 01:04:00","2016-01-10 00:40:50"
"641",33,"2016-01-06 19:08:17",-37.0774654,-10.916206,"2016-01-05 01:04:00","2016-01-10 00:40:50"
"640",24,"2016-01-06 19:09:11",-53.1999999,-10.3333332,"2016-01-05 01:04:00","2016-01-10 00:40:50"
"639",30,"2016-01-06 19:18:18",-41.9449719,-22.5269447,"2016-01-05 01:04:00","2016-01-10 00:40:50"
"638",NA,"2016-01-06 19:22:30",-59.9864061,-3.1319514,"2016-01-05 01:04:00","2016-01-10 00:40:50"
"637",25,"2016-01-06 19:30:01",-49.3695626,-28.678994,"2016-01-05 01:04:00","2016-01-10 00:40:50"
"636",26,"2016-01-06 19:33:48",-46.5688322,-23.6195922,"2016-01-05 01:04:00","2016-01-10 00:40:50"
"635",30,"2016-01-06 19:43:09",-43.2093726,-22.9110136,"2016-01-05 01:04:00","2016-01-10 00:40:50"
"634",25,"2016-01-06 20:04:35",-49.2712361,-25.4295696,"2016-01-05 01:04:00","2016-01-10 00:40:50"
"633",25,"2016-01-06 20:05:19",-49.2712361,-25.4295696,"2016-01-05 01:04:00","2016-01-10 00:40:50"
"632",21,"2016-01-06 20:25:26",-54.2356625,-27.7799414,"2016-01-05 01:04:00","2016-01-10 00:40:50"
"631",26,"2016-01-06 20:45:54",-45.8352769,-22.0297229,"2016-01-05 01:04:00","2016-01-10 00:40:50"
"630",21,"2016-01-06 20:56:54",-51.0077027,-29.6391006,"2016-01-05 01:04:00","2016-01-10 00:40:50"
"629",24,"2016-01-06 21:02:03",-53.1999999,-10.3333332,"2016-01-05 01:04:00","2016-01-10 00:40:50"
"628",25,"2016-01-06 21:21:44",-48.6339781,-26.9924394,"2016-01-05 01:04:00","2016-01-10 00:40:50"
"627",18,"2016-01-06 21:24:02",-57.4999999,-25.4999999,"2016-01-05 01:04:00","2016-01-10 00:40:50"
"626",21,"2016-01-06 21:32:51",-54.4315256,-26.7372239,"2016-01-05 01:04:00","2016-01-10 00:40:50"
"625",31,"2016-01-06 21:48:48",-44.0840952,-19.9132748,"2016-01-05 01:04:00","2016-01-10 00:40:50"
"624",25,"2016-01-06 21:49:09",-48.6137777,-27.0947199,"2016-01-05 01:04:00","2016-01-10 00:40:50"
"623",18,"2016-01-06 21:54:33",-55.8939676,-27.3664866,"2016-01-05 01:04:00","2016-01-10 00:40:50"
"622",30,"2016-01-06 21:54:53",-44.0411099,-22.9600192,"2016-01-05 01:04:00","2016-01-10 00:40:50"
"621",31,"2016-01-06 21:56:23",-43.9450947,-19.9227317,"2016-01-05 01:04:00","2016-01-10 00:40:50"
"620",13,"2016-01-06 22:13:38",-64.1833189,-31.417339,"2016-01-05 01:04:00","2016-01-10 00:40:50"
"619",18,"2016-01-06 22:14:51",-55.8939676,-27.3664866,"2016-01-05 01:04:00","2016-01-10 00:40:50"
"618",21,"2016-01-06 22:22:59",-54.4315256,-26.7372239,"2016-01-05 01:04:00","2016-01-10 00:40:50"
"617",25,"2016-01-06 22:26:07",-48.5251853,-25.5121903,"2016-01-05 01:04:00","2016-01-10 00:40:50"
"616",34,"2016-01-06 22:26:47",-36.6352093,-5.1126695,"2016-01-05 01:04:00","2016-01-10 00:40:50"
"615",24,"2016-01-06 22:28:19",-53.1999999,-10.3333332,"2016-01-05 01:04:00","2016-01-10 00:40:50"
"614",21,"2016-01-06 22:36:17",-54.266997,-28.300048,"2016-01-05 01:04:00","2016-01-10 00:40:50"
"613",26,"2016-01-06 22:45:57",-47.0608299,-22.9055599,"2016-01-05 01:04:00","2016-01-10 00:40:50"
"612",19,"2016-01-06 22:54:39",-58.1693444,-23.3165934,"2016-01-05 01:04:00","2016-01-10 00:40:50"
"611",21,"2016-01-06 23:04:26",-50.1313661,-29.9857731,"2016-01-05 01:04:00","2016-01-10 00:40:50"
"610",12,"2016-01-06 23:15:36",-66.8086249,10.4772529,"2016-01-05 01:04:00","2016-01-10 00:40:50"
"609",24,"2016-01-06 23:24:24",-53.1999999,-10.3333332,"2016-01-05 01:04:00","2016-01-10 00:40:50"
"608",12,"2016-01-06 23:31:57",-66.8086249,10.4772529,"2016-01-05 01:04:00","2016-01-10 00:40:50"
"607",26,"2016-01-06 23:34:10",-46.4612629,-23.6676699,"2016-01-05 01:04:00","2016-01-10 00:40:50"
"606",27,"2016-01-06 23:36:28",-49.253269,-16.6808819,"2016-01-05 01:04:00","2016-01-10 00:40:50"
"605",30,"2016-01-06 23:56:26",-40.2920625,-20.3297248,"2016-01-05 01:04:00","2016-01-10 00:40:50"
"604",18,"2016-01-06 23:58:55",-55.8939676,-27.3664866,"2016-01-05 01:04:00","2016-01-10 00:40:50"
"603",13,"2016-01-07 00:03:37",-60.6615414,-32.9595003,"2016-01-05 01:04:00","2016-01-10 00:40:50"
"602",9,"2016-01-07 00:04:27",-68.745546,-32.8950718,"2016-01-05 01:04:00","2016-01-10 00:40:50"
"601",25,"2016-01-07 00:15:14",-48.6692859,-27.645889,"2016-01-05 01:04:00","2016-01-10 00:40:50"
"600",26,"2016-01-07 00:27:00",-46.6333823,-23.5506506,"2016-01-05 01:04:00","2016-01-10 00:40:50"
"599",31,"2016-01-07 00:28:32",-43.9450947,-19.9227317,"2016-01-05 01:04:00","2016-01-10 00:40:50"
"598",26,"2016-01-07 00:30:16",-46.6333823,-23.5506506,"2016-01-05 01:04:00","2016-01-10 00:40:50"
"597",26,"2016-01-07 00:30:52",-46.6333823,-23.5506506,"2016-01-05 01:04:00","2016-01-10 00:40:50"
"596",31,"2016-01-07 00:32:26",-42.6282685,-19.5200066,"2016-01-05 01:04:00","2016-01-10 00:40:50"
"595",20,"2016-01-07 00:48:44",-51.2304999,-30.0329999,"2016-01-05 01:04:00","2016-01-10 00:40:50"
"594",26,"2016-01-07 01:12:59",-47.0608299,-22.9055599,"2016-01-05 01:04:00","2016-01-10 00:40:50"
"593",9,"2016-01-07 01:50:02",-68.745546,-32.8950718,"2016-01-05 01:04:00","2016-01-10 00:40:50"
"592",26,"2016-01-07 01:51:13",-47.4580559,-23.5016669,"2016-01-05 01:04:00","2016-01-10 00:40:50"
"591",36,"2016-01-07 01:52:11",-34.8781516,-8.064193,"2016-01-05 01:04:00","2016-01-10 00:40:50"
"590",12,"2016-01-07 01:54:46",-69.8333329,11,"2016-01-05 01:04:00","2016-01-10 00:40:50"
"589",30,"2016-01-07 01:55:33",-43.2093726,-22.9110136,"2016-01-05 01:04:00","2016-01-10 00:40:50"
"588",17,"2016-01-07 01:57:06",-58.4375796,-34.6075797,"2016-01-05 01:04:00","2016-01-10 00:40:50"
"587",1,"2016-01-07 02:04:46",-88.9140682,13.8000382,"2016-01-05 01:04:00","2016-01-10 00:40:50"
"586",11,"2016-01-07 02:16:13",-66.1109317,8.0018709,"2016-01-05 01:04:00","2016-01-10 00:40:50"
"585",13,"2016-01-07 02:25:03",-64.1833189,-31.417339,"2016-01-05 01:04:00","2016-01-10 00:40:50"
"584",26,"2016-01-07 02:32:58",-46.6333823,-23.5506506,"2016-01-05 01:04:00","2016-01-10 00:40:50"
"583",NA,"2016-01-07 02:41:36",-69.9919036044,18.46246225,"2016-01-05 01:04:00","2016-01-10 00:40:50"
"582",7,"2016-01-07 02:42:55",-70.3028025,19.0974031,"2016-01-05 01:04:00","2016-01-10 00:40:50"
"581",NA,"2016-01-07 02:47:13",-39.8487194,-18.7152926,"2016-01-05 01:04:00","2016-01-10 00:40:50"
"580",25,"2016-01-07 02:47:53",-48.5251853,-25.5121903,"2016-01-05 01:04:00","2016-01-10 00:40:50"
"579",37,"2016-01-07 02:48:45",103.852038,1.2904527,"2016-01-05 01:04:00","2016-01-10 00:40:50"
"578",2,"2016-01-07 02:51:22",-84.8700307,12.3724928,"2016-01-05 01:04:00","2016-01-10 00:40:50"
"577",9,"2016-01-07 02:52:04",-68.745546,-32.8950718,"2016-01-05 01:04:00","2016-01-10 00:40:50"
"576",38,"2016-01-07 02:53:55",121.0232316,14.4848541,"2016-01-05 01:04:00","2016-01-10 00:40:50"
"575",26,"2016-01-07 02:55:43",-46.8948459,-22.7413469,"2016-01-05 01:04:00","2016-01-10 00:40:50"
"574",26,"2016-01-07 02:58:32",-46.6333823,-23.5506506,"2016-01-05 01:04:00","2016-01-10 00:40:50"
"573",25,"2016-01-07 03:00:49",-48.8284967,-26.9022823,"2016-01-05 01:04:00","2016-01-10 00:40:50"
"572",17,"2016-01-07 03:03:33",-57.9537637,-34.9206796,"2016-01-05 01:04:00","2016-01-10 00:40:50"
"571",37,"2016-01-07 03:03:51",103.852038,1.2904527,"2016-01-05 01:04:00","2016-01-10 00:40:50"
"570",26,"2016-01-07 03:26:25",-46.6333823,-23.5506506,"2016-01-05 01:04:00","2016-01-10 00:40:50"
"569",37,"2016-01-07 03:31:57",101.4698788,3.0693161,"2016-01-05 01:04:00","2016-01-10 00:40:50"
"568",NA,"2016-01-07 03:36:59",-67.5681359,-39.0791513,"2016-01-05 01:04:00","2016-01-10 00:40:50"
"567",26,"2016-01-07 03:45:27",-46.2558331,-23.9927767,"2016-01-05 01:04:00","2016-01-10 00:40:50"
"566",36,"2016-01-07 03:58:55",-34.8781516,-8.064193,"2016-01-05 01:04:00","2016-01-10 00:40:50"
"565",21,"2016-01-07 04:08:49",-54.4315256,-26.7372239,"2016-01-05 01:04:00","2016-01-10 00:40:50"
"564",25,"2016-01-07 04:18:15",-48.5251853,-25.5121903,"2016-01-05 01:04:00","2016-01-10 00:40:50"
"563",30,"2016-01-07 04:22:22",-43.2093726,-22.9110136,"2016-01-05 01:04:00","2016-01-10 00:40:50"
"562",19,"2016-01-07 04:25:49",-58.1693444,-23.3165934,"2016-01-05 01:04:00","2016-01-10 00:40:50"
"561",19,"2016-01-07 04:27:39",-58.1693444,-23.3165934,"2016-01-05 01:04:00","2016-01-10 00:40:50"
"560",19,"2016-01-07 04:29:49",-58.1693444,-23.3165934,"2016-01-05 01:04:00","2016-01-10 00:40:50"
"559",19,"2016-01-07 04:32:31",-58.1693444,-23.3165934,"2016-01-05 01:04:00","2016-01-10 00:40:50"
"558",8,"2016-01-07 04:38:00",-73.9597221,40.7902778,"2016-01-05 01:04:00","2016-01-10 00:40:50"
"557",5,"2016-01-07 04:53:28",-75.672696794,4.8397374,"2016-01-05 01:04:00","2016-01-10 00:40:50"
"556",17,"2016-01-07 05:02:04",-58.4375796,-34.6075797,"2016-01-05 01:04:00","2016-01-10 00:40:50"
"555",25,"2016-01-07 05:22:52",-48.5251853,-25.5121903,"2016-01-05 01:04:00","2016-01-10 00:40:50"
"554",21,"2016-01-07 06:05:12",-54.4315256,-26.7372239,"2016-01-05 01:04:00","2016-01-10 00:40:50"
"553",21,"2016-01-07 06:45:07",-52.4089047,-28.2616137,"2016-01-05 01:04:00","2016-01-10 00:40:50"
"552",NA,"2016-01-07 08:46:53",78.4747305,17.3616227,"2016-01-05 01:04:00","2016-01-10 00:40:50"
"551",26,"2016-01-07 08:52:48",-48.4410711,-22.8879627,"2016-01-05 01:04:00","2016-01-10 00:40:50"
"550",26,"2016-01-07 08:55:00",-48.4410711,-22.8879627,"2016-01-05 01:04:00","2016-01-10 00:40:50"
"549",38,"2016-01-07 09:34:55",120.9915488,14.5007016,"2016-01-05 01:04:00","2016-01-10 00:40:50"
"548",39,"2016-01-07 10:28:46",121.7327065,17.6125761,"2016-01-05 01:04:00","2016-01-10 00:40:50"
"547",24,"2016-01-07 11:02:38",-53.1999999,-10.3333332,"2016-01-05 01:04:00","2016-01-10 00:40:50"
"546",24,"2016-01-07 11:02:58",-53.1999999,-10.3333332,"2016-01-05 01:04:00","2016-01-10 00:40:50"
"545",NA,"2016-01-07 11:21:35",114.5632032,-4.7993355,"2016-01-05 01:04:00","2016-01-10 00:40:50"
"544",26,"2016-01-07 11:32:24",-47.4016644,-22.5647252,"2016-01-05 01:04:00","2016-01-10 00:40:50"
"543",26,"2016-01-07 11:35:39",-47.806667,-21.1783329,"2016-01-05 01:04:00","2016-01-10 00:40:50"
"542",19,"2016-01-07 11:51:13",-58.1693444,-23.3165934,"2016-01-05 01:04:00","2016-01-10 00:40:50"
"541",38,"2016-01-07 12:15:33",121.0486155,14.6509905,"2016-01-05 01:04:00","2016-01-10 00:40:50"
"540",7,"2016-01-07 12:22:13",-70.3028025,19.0974031,"2016-01-05 01:04:00","2016-01-10 00:40:50"
"539",18,"2016-01-07 12:24:12",-55.8939676,-27.3664866,"2016-01-05 01:04:00","2016-01-10 00:40:50"
"538",19,"2016-01-07 12:24:58",-58.1693444,-23.3165934,"2016-01-05 01:04:00","2016-01-10 00:40:50"
"537",21,"2016-01-07 12:26:00",-51.1516496,-29.7544404,"2016-01-05 01:04:00","2016-01-10 00:40:50"
"536",19,"2016-01-07 12:27:09",-58.1693444,-23.3165934,"2016-01-05 01:04:00","2016-01-10 00:40:50"
"535",19,"2016-01-07 12:27:36",-58.1693444,-23.3165934,"2016-01-05 01:04:00","2016-01-10 00:40:50"
"534",18,"2016-01-07 12:28:20",-55.8939676,-27.3664866,"2016-01-05 01:04:00","2016-01-10 00:40:50"
"533",19,"2016-01-07 12:28:43",-58.1693444,-23.3165934,"2016-01-05 01:04:00","2016-01-10 00:40:50"
"532",22,"2016-01-07 12:38:13",-54.3328812,-24.8591734,"2016-01-05 01:04:00","2016-01-10 00:40:50"
"531",22,"2016-01-07 12:44:16",-53.1352451,-22.9320943,"2016-01-05 01:04:00","2016-01-10 00:40:50"
"530",31,"2016-01-07 12:56:54",-43.9450947,-19.9227317,"2016-01-05 01:04:00","2016-01-10 00:40:50"
"529",7,"2016-01-07 13:21:19",-70.3028025,19.0974031,"2016-01-05 01:04:00","2016-01-10 00:40:50"
"528",30,"2016-01-07 13:22:02",-43.2093726,-22.9110136,"2016-01-05 01:04:00","2016-01-10 00:40:50"
"527",39,"2016-01-07 13:26:23",121.7327065,17.6125761,"2016-01-05 01:04:00","2016-01-10 00:40:50"
"526",25,"2016-01-07 13:33:45",-49.2712361,-25.4295696,"2016-01-05 01:04:00","2016-01-10 00:40:50"
"525",18,"2016-01-07 13:47:53",-55.8939676,-27.3664866,"2016-01-05 01:04:00","2016-01-10 00:40:50"
"524",30,"2016-01-07 13:48:34",-43.2093726,-22.9110136,"2016-01-05 01:04:00","2016-01-10 00:40:50"
"523",38,"2016-01-07 13:49:03",120.9721189,14.6394495,"2016-01-05 01:04:00","2016-01-10 00:40:50"
"522",18,"2016-01-07 13:50:03",-55.8939676,-27.3664866,"2016-01-05 01:04:00","2016-01-10 00:40:50"
"521",18,"2016-01-07 13:51:56",-55.8939676,-27.3664866,"2016-01-05 01:04:00","2016-01-10 00:40:50"
"520",24,"2016-01-07 13:55:22",-53.1999999,-10.3333332,"2016-01-05 01:04:00","2016-01-10 00:40:50"
"519",19,"2016-01-07 13:56:00",-58.1693444,-23.3165934,"2016-01-05 01:04:00","2016-01-10 00:40:50"
"518",19,"2016-01-07 13:58:26",-58.1693444,-23.3165934,"2016-01-05 01:04:00","2016-01-10 00:40:50"
"517",19,"2016-01-07 13:59:16",-58.1693444,-23.3165934,"2016-01-05 01:04:00","2016-01-10 00:40:50"
"516",13,"2016-01-07 13:59:34",-61.9816163,-33.7101748,"2016-01-05 01:04:00","2016-01-10 00:40:50"
"515",18,"2016-01-07 14:21:19",-55.8939676,-27.3664866,"2016-01-05 01:04:00","2016-01-10 00:40:50"
"514",33,"2016-01-07 14:26:09",-38.312769,-12.8924199,"2016-01-05 01:04:00","2016-01-10 00:40:50"
"513",17,"2016-01-07 14:28:40",-58.4375796,-34.6075797,"2016-01-05 01:04:00","2016-01-10 00:40:50"
"512",17,"2016-01-07 14:33:24",-58.4375796,-34.6075797,"2016-01-05 01:04:00","2016-01-10 00:40:50"
"511",38,"2016-01-07 14:34:57",121.0329706,14.5736108,"2016-01-05 01:04:00","2016-01-10 00:40:50"
"510",18,"2016-01-07 14:35:03",-55.8939676,-27.3664866,"2016-01-05 01:04:00","2016-01-10 00:40:50"
"509",8,"2016-01-07 14:41:17",-73.9865811,40.7305991,"2016-01-05 01:04:00","2016-01-10 00:40:50"
"508",24,"2016-01-07 14:44:23",-53.1999999,-10.3333332,"2016-01-05 01:04:00","2016-01-10 00:40:50"
"507",26,"2016-01-07 14:45:28",-46.5244589,-23.4430601,"2016-01-05 01:04:00","2016-01-10 00:40:50"
"506",26,"2016-01-07 14:55:18",-46.6333823,-23.5506506,"2016-01-05 01:04:00","2016-01-10 00:40:50"
"505",3,"2016-01-07 14:57:21",-75.0458514,-6.8699696,"2016-01-05 01:04:00","2016-01-10 00:40:50"
"504",30,"2016-01-07 14:58:54",-40.2920625,-20.3297248,"2016-01-05 01:04:00","2016-01-10 00:40:50"
"503",25,"2016-01-07 14:59:00",-48.5251853,-25.5121903,"2016-01-05 01:04:00","2016-01-10 00:40:50"
"502",25,"2016-01-07 15:08:41",-49.1926699,-25.4429488,"2016-01-05 01:04:00","2016-01-10 00:40:50"
"501",NA,"2016-01-07 15:16:12",-67.8220777,-9.9765361,"2016-01-05 01:04:00","2016-01-10 00:40:50"
"500",26,"2016-01-07 15:16:21",-46.6333823,-23.5506506,"2016-01-05 01:04:00","2016-01-10 00:40:50"
"499",25,"2016-01-07 15:21:04",-49.2712361,-25.4295696,"2016-01-05 01:04:00","2016-01-10 00:40:50"
"498",30,"2016-01-07 15:33:25",-42.9790686,-22.5266307,"2016-01-05 01:04:00","2016-01-10 00:40:50"
"497",24,"2016-01-07 15:35:12",-53.1999999,-10.3333332,"2016-01-05 01:04:00","2016-01-10 00:40:50"
"496",25,"2016-01-07 15:38:47",-48.5110619,-25.6735329,"2016-01-05 01:04:00","2016-01-10 00:40:50"
"495",38,"2016-01-07 15:40:55",121.0649551,14.6783319,"2016-01-05 01:04:00","2016-01-10 00:40:50"
"494",18,"2016-01-07 15:48:25",-55.8939676,-27.3664866,"2016-01-05 01:04:00","2016-01-10 00:40:50"
"493",26,"2016-01-07 15:54:34",-45.8872968,-23.180501,"2016-01-05 01:04:00","2016-01-10 00:40:50"
"492",25,"2016-01-07 16:04:49",-49.2712361,-25.4295696,"2016-01-05 01:04:00","2016-01-10 00:40:50"
"491",38,"2016-01-07 16:05:48",121.0232316,14.4848541,"2016-01-05 01:04:00","2016-01-10 00:40:50"
"490",25,"2016-01-07 16:06:33",-49.2712361,-25.4295696,"2016-01-05 01:04:00","2016-01-10 00:40:50"
"489",30,"2016-01-07 16:09:19",-43.2093726,-22.9110136,"2016-01-05 01:04:00","2016-01-10 00:40:50"
"488",26,"2016-01-07 16:09:27",-46.5629623,-23.690102,"2016-01-05 01:04:00","2016-01-10 00:40:50"
"487",25,"2016-01-07 16:09:39",-49.2712361,-25.4295696,"2016-01-05 01:04:00","2016-01-10 00:40:50"
"486",25,"2016-01-07 16:10:57",-49.2712361,-25.4295696,"2016-01-05 01:04:00","2016-01-10 00:40:50"
"485",10,"2016-01-07 16:13:58",-65.4101932,-24.7893822,"2016-01-05 01:04:00","2016-01-10 00:40:50"
"484",30,"2016-01-07 16:24:08",-43.4033602,-22.7667283,"2016-01-05 01:04:00","2016-01-10 00:40:50"
"483",21,"2016-01-07 16:24:19",-54.4315256,-26.7372239,"2016-01-05 01:04:00","2016-01-10 00:40:50"
"482",26,"2016-01-07 16:34:14",-48.3252229,-21.2520369,"2016-01-05 01:04:00","2016-01-10 00:40:50"
"481",25,"2016-01-07 16:34:17",-48.5251853,-25.5121903,"2016-01-05 01:04:00","2016-01-10 00:40:50"
"480",18,"2016-01-07 17:01:04",-57.6311195,-25.2959915,"2016-01-05 01:04:00","2016-01-10 00:40:50"
"479",30,"2016-01-07 17:14:07",-43.2093726,-22.9110136,"2016-01-05 01:04:00","2016-01-10 00:40:50"
"478",31,"2016-01-07 17:33:11",-42.6436107,-19.5771394,"2016-01-05 01:04:00","2016-01-10 00:40:50"
"477",21,"2016-01-07 17:39:34",-54.4315256,-26.7372239,"2016-01-05 01:04:00","2016-01-10 00:40:50"
"476",38,"2016-01-07 17:41:36",121.0232316,14.4848541,"2016-01-05 01:04:00","2016-01-10 00:40:50"
"475",14,"2016-01-07 17:47:26",-60.4289717,-24.5955305,"2016-01-05 01:04:00","2016-01-10 00:40:50"
"474",19,"2016-01-07 17:47:42",-58.1693444,-23.3165934,"2016-01-05 01:04:00","2016-01-10 00:40:50"
"473",19,"2016-01-07 17:48:55",-58.1693444,-23.3165934,"2016-01-05 01:04:00","2016-01-10 00:40:50"
"472",21,"2016-01-07 17:51:37",-54.266997,-28.300048,"2016-01-05 01:04:00","2016-01-10 00:40:50"
"471",17,"2016-01-07 17:54:10",-58.4375796,-34.6075797,"2016-01-05 01:04:00","2016-01-10 00:40:50"
"470",25,"2016-01-07 18:02:58",-48.5251853,-25.5121903,"2016-01-05 01:04:00","2016-01-10 00:40:50"
"469",19,"2016-01-07 18:15:04",-58.1693444,-23.3165934,"2016-01-05 01:04:00","2016-01-10 00:40:50"
"468",19,"2016-01-07 18:16:18",-58.1693444,-23.3165934,"2016-01-05 01:04:00","2016-01-10 00:40:50"
"467",18,"2016-01-07 18:17:17",-57.4999999,-25.4999999,"2016-01-05 01:04:00","2016-01-10 00:40:50"
"466",19,"2016-01-07 18:20:22",-58.1693444,-23.3165934,"2016-01-05 01:04:00","2016-01-10 00:40:50"
"465",30,"2016-01-07 18:21:05",-44.4465727,-22.4686427,"2016-01-05 01:04:00","2016-01-10 00:40:50"
"464",19,"2016-01-07 18:21:29",-58.1693444,-23.3165934,"2016-01-05 01:04:00","2016-01-10 00:40:50"
"463",19,"2016-01-07 18:22:32",-58.1693444,-23.3165934,"2016-01-05 01:04:00","2016-01-10 00:40:50"
"462",6,"2016-01-07 18:23:14",-73.3758956704,10.3430015,"2016-01-05 01:04:00","2016-01-10 00:40:50"
"461",19,"2016-01-07 18:24:04",-58.1693444,-23.3165934,"2016-01-05 01:04:00","2016-01-10 00:40:50"
"460",19,"2016-01-07 18:27:13",-58.1693444,-23.3165934,"2016-01-05 01:04:00","2016-01-10 00:40:50"
"459",19,"2016-01-07 18:27:49",-58.1693444,-23.3165934,"2016-01-05 01:04:00","2016-01-10 00:40:50"
"458",19,"2016-01-07 18:28:31",-58.1693444,-23.3165934,"2016-01-05 01:04:00","2016-01-10 00:40:50"
"457",NA,"2016-01-07 18:30:11",-81.3066245,8.3096067,"2016-01-05 01:04:00","2016-01-10 00:40:50"
"456",NA,"2016-01-07 18:31:09",-64.2595061,-27.7877147,"2016-01-05 01:04:00","2016-01-10 00:40:50"
"455",18,"2016-01-07 18:36:37",-58.9865645,-27.4511042,"2016-01-05 01:04:00","2016-01-10 00:40:50"
"454",17,"2016-01-07 18:41:03",-58.4375796,-34.6075797,"2016-01-05 01:04:00","2016-01-10 00:40:50"
"453",19,"2016-01-07 18:42:10",-58.1693444,-23.3165934,"2016-01-05 01:04:00","2016-01-10 00:40:50"
"452",22,"2016-01-07 18:46:31",-50.4206229,-22.6620891,"2016-01-05 01:04:00","2016-01-10 00:40:50"
"451",26,"2016-01-07 18:57:15",-46.6794641857,-22.1309999,"2016-01-05 01:04:00","2016-01-10 00:40:50"
"450",30,"2016-01-07 18:58:44",-43.2093726,-22.9110136,"2016-01-05 01:04:00","2016-01-10 00:40:50"
"449",30,"2016-01-07 19:06:43",-42.3459549,-21.6569029,"2016-01-05 01:04:00","2016-01-10 00:40:50"
"448",19,"2016-01-07 19:24:59",-58.1693444,-23.3165934,"2016-01-05 01:04:00","2016-01-10 00:40:50"
"447",19,"2016-01-07 19:26:24",-58.1693444,-23.3165934,"2016-01-05 01:04:00","2016-01-10 00:40:50"
"446",19,"2016-01-07 19:27:52",-58.1693444,-23.3165934,"2016-01-05 01:04:00","2016-01-10 00:40:50"
"445",19,"2016-01-07 19:28:27",-58.1693444,-23.3165934,"2016-01-05 01:04:00","2016-01-10 00:40:50"
"444",12,"2016-01-07 19:31:59",-68.0833329,10.166667,"2016-01-05 01:04:00","2016-01-10 00:40:50"
"443",25,"2016-01-07 19:33:11",-48.8284967,-26.9022823,"2016-01-05 01:04:00","2016-01-10 00:40:50"
"442",13,"2016-01-07 19:38:01",-60.643035677,-31.64727895,"2016-01-05 01:04:00","2016-01-10 00:40:50"
"441",26,"2016-01-07 19:55:45",-47.806667,-21.1783329,"2016-01-05 01:04:00","2016-01-10 00:40:50"
"440",7,"2016-01-07 19:56:50",-70.3028025,19.0974031,"2016-01-05 01:04:00","2016-01-10 00:40:50"
"439",13,"2016-01-07 20:00:58",-60.6615414,-32.9595003,"2016-01-05 01:04:00","2016-01-10 00:40:50"
"438",NA,"2016-01-07 20:06:05",-103.3469981,20.676143,"2016-01-05 01:04:00","2016-01-10 00:40:50"
"437",30,"2016-01-07 20:13:43",-43.4138221,-22.8080113,"2016-01-05 01:04:00","2016-01-10 00:40:50"
"436",22,"2016-01-07 20:15:03",-54.8122079,-22.2206144,"2016-01-05 01:04:00","2016-01-10 00:40:50"
"435",32,"2016-01-07 20:27:52",-40.8414803,-14.8567486,"2016-01-05 01:04:00","2016-01-10 00:40:50"
"434",NA,"2016-01-07 20:42:07",-110.9612377,29.0894152,"2016-01-05 01:04:00","2016-01-10 00:40:50"
"433",30,"2016-01-07 20:48:31",-43.6633852,-22.4040393,"2016-01-05 01:04:00","2016-01-10 00:40:50"
"432",27,"2016-01-07 21:05:07",-49.253269,-16.6808819,"2016-01-05 01:04:00","2016-01-10 00:40:50"
"431",29,"2016-01-07 21:10:31",-48.4682452,-1.4505599,"2016-01-05 01:04:00","2016-01-10 00:40:50"
"430",11,"2016-01-07 21:25:18",-66.1109317,8.0018709,"2016-01-05 01:04:00","2016-01-10 00:40:50"
"429",NA,"2016-01-07 21:38:51",-74.0852376575,4.63874255,"2016-01-05 01:04:00","2016-01-10 00:40:50"
"428",26,"2016-01-07 21:57:36",-46.6333823,-23.5506506,"2016-01-05 01:04:00","2016-01-10 00:40:50"
"427",31,"2016-01-07 22:01:13",-43.9450947,-19.9227317,"2016-01-05 01:04:00","2016-01-10 00:40:50"
"426",25,"2016-01-07 22:05:25",-49.0658024,-26.9195566,"2016-01-05 01:04:00","2016-01-10 00:40:50"
"425",24,"2016-01-07 22:19:13",-53.1999999,-10.3333332,"2016-01-05 01:04:00","2016-01-10 00:40:50"
"424",24,"2016-01-07 22:19:50",-53.1999999,-10.3333332,"2016-01-05 01:04:00","2016-01-10 00:40:50"
"423",24,"2016-01-07 22:20:07",-53.1999999,-10.3333332,"2016-01-05 01:04:00","2016-01-10 00:40:50"
"422",25,"2016-01-07 22:26:53",-48.5490119,-25.8236549,"2016-01-05 01:04:00","2016-01-10 00:40:50"
"421",NA,"2016-01-07 22:30:42",67.0311286,24.8667795,"2016-01-05 01:04:00","2016-01-10 00:40:50"
"420",25,"2016-01-07 22:32:52",-48.5110619,-25.6735329,"2016-01-05 01:04:00","2016-01-10 00:40:50"
"419",30,"2016-01-07 22:33:35",-40.3064476,-20.125296,"2016-01-05 01:04:00","2016-01-10 00:40:50"
"418",18,"2016-01-07 22:49:02",-55.8939676,-27.3664866,"2016-01-05 01:04:00","2016-01-10 00:40:50"
"417",30,"2016-01-07 22:54:07",-43.2093726,-22.9110136,"2016-01-05 01:04:00","2016-01-10 00:40:50"
"416",3,"2016-01-07 22:59:28",-75.0458514,-6.8699696,"2016-01-05 01:04:00","2016-01-10 00:40:50"
"415",13,"2016-01-07 23:26:01",-60.6615414,-32.9595003,"2016-01-05 01:04:00","2016-01-10 00:40:50"
"414",NA,"2016-01-07 23:31:18",2.0993133,36.3326247,"2016-01-05 01:04:00","2016-01-10 00:40:50"
"413",26,"2016-01-07 23:32:02",-46.6333823,-23.5506506,"2016-01-05 01:04:00","2016-01-10 00:40:50"
"412",NA,"2016-01-07 23:33:59",-70.650445,-33.4377967,"2016-01-05 01:04:00","2016-01-10 00:40:50"
"411",36,"2016-01-07 23:45:54",-34.8781516,-8.064193,"2016-01-05 01:04:00","2016-01-10 00:40:50"
"410",22,"2016-01-07 23:57:07",-54.8122079,-22.2206144,"2016-01-05 01:04:00","2016-01-10 00:40:50"
"409",26,"2016-01-08 00:01:46",-46.5666644,-23.5405516,"2016-01-05 01:04:00","2016-01-10 00:40:50"
"408",17,"2016-01-08 00:05:33",-57.9537637,-34.9206796,"2016-01-05 01:04:00","2016-01-10 00:40:50"
"407",14,"2016-01-08 00:07:03",-60.4289717,-24.5955305,"2016-01-05 01:04:00","2016-01-10 00:40:50"
"406",19,"2016-01-08 00:08:02",-58.1693444,-23.3165934,"2016-01-05 01:04:00","2016-01-10 00:40:50"
"405",25,"2016-01-08 00:11:25",-48.5110619,-25.6735329,"2016-01-05 01:04:00","2016-01-10 00:40:50"
"404",18,"2016-01-08 00:12:35",-55.8939676,-27.3664866,"2016-01-05 01:04:00","2016-01-10 00:40:50"
"403",25,"2016-01-08 00:13:02",-48.5251853,-25.5121903,"2016-01-05 01:04:00","2016-01-10 00:40:50"
"402",14,"2016-01-08 00:15:15",-60.4289717,-24.5955305,"2016-01-05 01:04:00","2016-01-10 00:40:50"
"401",30,"2016-01-08 00:15:44",-42.9427769,-21.1199999,"2016-01-05 01:04:00","2016-01-10 00:40:50"
"400",30,"2016-01-08 00:16:19",-43.2093726,-22.9110136,"2016-01-05 01:04:00","2016-01-10 00:40:50"
"399",30,"2016-01-08 00:18:35",-43.6633852,-22.4040393,"2016-01-05 01:04:00","2016-01-10 00:40:50"
"398",32,"2016-01-08 00:33:41",-44.4693393,-13.6203917,"2016-01-05 01:04:00","2016-01-10 00:40:50"
"397",30,"2016-01-08 00:38:38",-43.0309251,-22.8219013,"2016-01-05 01:04:00","2016-01-10 00:40:50"
"396",22,"2016-01-08 00:39:24",-54.8122079,-22.2206144,"2016-01-05 01:04:00","2016-01-10 00:40:50"
"395",26,"2016-01-08 00:48:19",-47.0608299,-22.9055599,"2016-01-05 01:04:00","2016-01-10 00:40:50"
"394",19,"2016-01-08 00:50:40",-58.1693444,-23.3165934,"2016-01-05 01:04:00","2016-01-10 00:40:50"
"393",26,"2016-01-08 00:50:49",-47.0608299,-22.9055599,"2016-01-05 01:04:00","2016-01-10 00:40:50"
"392",30,"2016-01-08 00:59:17",-42.9427769,-21.1199999,"2016-01-05 01:04:00","2016-01-10 00:40:50"
"391",25,"2016-01-08 01:01:34",-48.5251853,-25.5121903,"2016-01-05 01:04:00","2016-01-10 00:40:50"
"390",31,"2016-01-08 01:03:45",-43.9450947,-19.9227317,"2016-01-05 01:04:00","2016-01-10 00:40:50"
"389",30,"2016-01-08 01:13:30",-43.0309251,-22.8219013,"2016-01-05 01:04:00","2016-01-10 00:40:50"
"388",18,"2016-01-08 01:13:38",-56.36552,-26.1963889,"2016-01-05 01:04:00","2016-01-10 00:40:50"
"387",18,"2016-01-08 01:13:50",-55.8939676,-27.3664866,"2016-01-05 01:04:00","2016-01-10 00:40:50"
"386",31,"2016-01-08 01:20:29",-40.8502554,-19.2239224,"2016-01-05 01:04:00","2016-01-10 00:40:50"
"385",22,"2016-01-08 01:20:43",-54.8122079,-22.2206144,"2016-01-05 01:04:00","2016-01-10 00:40:50"
"384",25,"2016-01-08 01:25:42",-48.5251853,-25.5121903,"2016-01-05 01:04:00","2016-01-10 00:40:50"
"383",30,"2016-01-08 01:27:59",-43.3724124,-22.8043743,"2016-01-05 01:04:00","2016-01-10 00:40:50"
"382",18,"2016-01-08 01:43:23",-57.4999999,-25.4999999,"2016-01-05 01:04:00","2016-01-10 00:40:50"
"381",17,"2016-01-08 01:43:47",-56.0201524,-32.8755547,"2016-01-05 01:04:00","2016-01-10 00:40:50"
"380",31,"2016-01-08 01:48:55",-43.9450947,-19.9227317,"2016-01-05 01:04:00","2016-01-10 00:40:50"
"379",5,"2016-01-08 02:05:18",-76.2988047,3.5308373,"2016-01-05 01:04:00","2016-01-10 00:40:50"
"378",21,"2016-01-08 02:07:59",-51.9352495,-28.7126193,"2016-01-05 01:04:00","2016-01-10 00:40:50"
"377",34,"2016-01-08 02:09:53",-35.2080904,-5.8053979,"2016-01-05 01:04:00","2016-01-10 00:40:50"
"376",25,"2016-01-08 02:09:58",-48.5251853,-25.5121903,"2016-01-05 01:04:00","2016-01-10 00:40:50"
"375",19,"2016-01-08 02:15:07",-55.727467,-22.5236896,"2016-01-05 01:04:00","2016-01-10 00:40:50"
"374",13,"2016-01-08 02:17:01",-60.6615414,-32.9595003,"2016-01-05 01:04:00","2016-01-10 00:40:50"
"373",20,"2016-01-08 02:21:08",-51.2304999,-30.0329999,"2016-01-05 01:04:00","2016-01-10 00:40:50"
"372",29,"2016-01-08 02:23:35",-45.0002455,-3.209934,"2016-01-05 01:04:00","2016-01-10 00:40:50"
"371",30,"2016-01-08 02:29:14",-43.2093726,-22.9110136,"2016-01-05 01:04:00","2016-01-10 00:40:50"
"370",22,"2016-01-08 02:39:34",-50.8832776778,-21.1889999,"2016-01-05 01:04:00","2016-01-10 00:40:50"
"369",20,"2016-01-08 02:43:37",-51.2304999,-30.0329999,"2016-01-05 01:04:00","2016-01-10 00:40:50"
"368",24,"2016-01-08 02:44:29",-53.1999999,-10.3333332,"2016-01-05 01:04:00","2016-01-10 00:40:50"
"367",26,"2016-01-08 02:46:51",-47.806667,-21.1783329,"2016-01-05 01:04:00","2016-01-10 00:40:50"
"366",18,"2016-01-08 02:50:03",-57.4999999,-25.4999999,"2016-01-05 01:04:00","2016-01-10 00:40:50"
"365",18,"2016-01-08 02:51:26",-56.0351418,-28.5497033,"2016-01-05 01:04:00","2016-01-10 00:40:50"
"364",7,"2016-01-08 02:53:12",-70.3028025,19.0974031,"2016-01-05 01:04:00","2016-01-10 00:40:50"
"363",NA,"2016-01-08 03:01:49",-67.1053739,-27.1910824,"2016-01-05 01:04:00","2016-01-10 00:40:50"
"362",17,"2016-01-08 03:04:27",-56.0201524,-32.8755547,"2016-01-05 01:04:00","2016-01-10 00:40:50"
"361",26,"2016-01-08 03:27:11",-46.0370096,-23.4142215,"2016-01-05 01:04:00","2016-01-10 00:40:50"
"360",30,"2016-01-08 03:35:32",-43.3099289,-22.7896224,"2016-01-05 01:04:00","2016-01-10 00:40:50"
"359",30,"2016-01-08 03:41:53",-40.4165489,-20.2632019,"2016-01-05 01:04:00","2016-01-10 00:40:50"
"358",24,"2016-01-08 03:43:22",-53.1999999,-10.3333332,"2016-01-05 01:04:00","2016-01-10 00:40:50"
"357",26,"2016-01-08 03:52:09",-47.0608299,-22.9055599,"2016-01-05 01:04:00","2016-01-10 00:40:50"
"356",26,"2016-01-08 03:52:25",-47.0608299,-22.9055599,"2016-01-05 01:04:00","2016-01-10 00:40:50"
"355",26,"2016-01-08 03:59:28",-49.5105146,-23.3903825,"2016-01-05 01:04:00","2016-01-10 00:40:50"
"354",35,"2016-01-08 04:04:01",-38.5217988,-3.7304511,"2016-01-05 01:04:00","2016-01-10 00:40:50"
"353",25,"2016-01-08 04:05:47",-48.6716666,-26.7638888,"2016-01-05 01:04:00","2016-01-10 00:40:50"
"352",18,"2016-01-08 04:19:13",-55.8939676,-27.3664866,"2016-01-05 01:04:00","2016-01-10 00:40:50"
"351",35,"2016-01-08 04:23:34",-38.5217988,-3.7304511,"2016-01-05 01:04:00","2016-01-10 00:40:50"
"350",31,"2016-01-08 04:43:53",-42.6282685,-19.5200066,"2016-01-05 01:04:00","2016-01-10 00:40:50"
"349",18,"2016-01-08 04:48:30",-58.9865645,-27.4511042,"2016-01-05 01:04:00","2016-01-10 00:40:50"
"348",31,"2016-01-08 04:49:03",-44.1983329,-19.9680559,"2016-01-05 01:04:00","2016-01-10 00:40:50"
"347",25,"2016-01-08 05:08:29",-48.5251853,-25.5121903,"2016-01-05 01:04:00","2016-01-10 00:40:50"
"346",25,"2016-01-08 05:09:13",-48.6535656,-27.02736,"2016-01-05 01:04:00","2016-01-10 00:40:50"
"345",25,"2016-01-08 05:09:28",-48.6535656,-27.02736,"2016-01-05 01:04:00","2016-01-10 00:40:50"
"344",17,"2016-01-08 05:14:32",-56.0201524,-32.8755547,"2016-01-05 01:04:00","2016-01-10 00:40:50"
"343",17,"2016-01-08 05:19:55",-56.0201524,-32.8755547,"2016-01-05 01:04:00","2016-01-10 00:40:50"
"342",38,"2016-01-08 05:21:37",121.023532,14.5568853,"2016-01-05 01:04:00","2016-01-10 00:40:50"
"341",16,"2016-01-08 05:22:42",-64.6322109,10.205417,"2016-01-05 01:04:00","2016-01-10 00:40:50"
"340",16,"2016-01-08 05:25:10",-64.6322109,10.205417,"2016-01-05 01:04:00","2016-01-10 00:40:50"
"339",8,"2016-01-08 05:25:14",-71.3161717,42.6334247,"2016-01-05 01:04:00","2016-01-10 00:40:50"
"338",25,"2016-01-08 05:28:22",-49.7299862,-29.3373808,"2016-01-05 01:04:00","2016-01-10 00:40:50"
"337",21,"2016-01-08 05:30:24",-51.4687454,-29.6826111,"2016-01-05 01:04:00","2016-01-10 00:40:50"
"336",25,"2016-01-08 05:31:09",-48.5251853,-25.5121903,"2016-01-05 01:04:00","2016-01-10 00:40:50"
"335",25,"2016-01-08 05:31:56",-48.5251853,-25.5121903,"2016-01-05 01:04:00","2016-01-10 00:40:50"
"334",17,"2016-01-08 05:42:39",-58.5203176,-34.8599503,"2016-01-05 01:04:00","2016-01-10 00:40:50"
"333",25,"2016-01-08 05:59:53",-48.5251853,-25.5121903,"2016-01-05 01:04:00","2016-01-10 00:40:50"
"332",25,"2016-01-08 06:00:41",-48.5251853,-25.5121903,"2016-01-05 01:04:00","2016-01-10 00:40:50"
"331",25,"2016-01-08 06:14:57",-48.5251853,-25.5121903,"2016-01-05 01:04:00","2016-01-10 00:40:50"
"330",14,"2016-01-08 06:38:18",-60.4289717,-24.5955305,"2016-01-05 01:04:00","2016-01-10 00:40:50"
"329",26,"2016-01-08 07:16:51",-48.8145841,-21.5940597,"2016-01-05 01:04:00","2016-01-10 00:40:50"
"328",13,"2016-01-08 07:46:22",-64.1833189,-31.417339,"2016-01-05 01:04:00","2016-01-10 00:40:50"
"327",39,"2016-01-08 08:04:01",120.4683344,15.457881,"2016-01-05 01:04:00","2016-01-10 00:40:50"
"326",38,"2016-01-08 08:07:59",121.0329706,14.5736108,"2016-01-05 01:04:00","2016-01-10 00:40:50"
"325",26,"2016-01-08 08:26:58",-46.2558331,-23.9927767,"2016-01-05 01:04:00","2016-01-10 00:40:50"
"324",NA,"2016-01-08 08:39:15",73.9325681901,18.64395815,"2016-01-05 01:04:00","2016-01-10 00:40:50"
"323",18,"2016-01-08 08:56:52",-55.8939676,-27.3664866,"2016-01-05 01:04:00","2016-01-10 00:40:50"
"322",37,"2016-01-08 08:59:44",103.825207,1.526994,"2016-01-05 01:04:00","2016-01-10 00:40:50"
"321",26,"2016-01-08 09:22:19",-47.0608299,-22.9055599,"2016-01-05 01:04:00","2016-01-10 00:40:50"
"320",27,"2016-01-08 09:59:32",-49.253269,-16.6808819,"2016-01-05 01:04:00","2016-01-10 00:40:50"
"319",NA,"2016-01-08 10:58:18",-157.9752029,21.2160437,"2016-01-05 01:04:00","2016-01-10 00:40:50"
"318",24,"2016-01-08 11:09:50",-53.1999999,-10.3333332,"2016-01-05 01:04:00","2016-01-10 00:40:50"
"317",26,"2016-01-08 11:11:09",-46.6333823,-23.5506506,"2016-01-05 01:04:00","2016-01-10 00:40:50"
"316",17,"2016-01-08 11:25:41",-58.4375796,-34.6075797,"2016-01-05 01:04:00","2016-01-10 00:40:50"
"315",13,"2016-01-08 11:34:08",-64.1833189,-31.417339,"2016-01-05 01:04:00","2016-01-10 00:40:50"
"314",30,"2016-01-08 11:34:42",-42.0189226,-22.8804368,"2016-01-05 01:04:00","2016-01-10 00:40:50"
"313",NA,"2016-01-08 11:44:26",124.8361501,6.4855065,"2016-01-05 01:04:00","2016-01-10 00:40:50"
"312",12,"2016-01-08 11:49:00",-67.9634157,10.2228164,"2016-01-05 01:04:00","2016-01-10 00:40:50"
"311",19,"2016-01-08 11:55:56",-58.1693444,-23.3165934,"2016-01-05 01:04:00","2016-01-10 00:40:50"
"310",30,"2016-01-08 12:02:08",-43.2093726,-22.9110136,"2016-01-05 01:04:00","2016-01-10 00:40:50"
"309",17,"2016-01-08 12:10:06",-58.4660863,-34.8198857,"2016-01-05 01:04:00","2016-01-10 00:40:50"
"308",22,"2016-01-08 12:38:24",-50.5783373,-22.7474735,"2016-01-05 01:04:00","2016-01-10 00:40:50"
"307",18,"2016-01-08 12:57:57",-58.8328657,-27.4720341,"2016-01-05 01:04:00","2016-01-10 00:40:50"
"306",39,"2016-01-08 12:58:02",121.7327065,17.6125761,"2016-01-05 01:04:00","2016-01-10 00:40:50"
"305",7,"2016-01-08 13:05:47",-70.3028025,19.0974031,"2016-01-05 01:04:00","2016-01-10 00:40:50"
"304",13,"2016-01-08 13:07:19",-64.1833189,-31.417339,"2016-01-05 01:04:00","2016-01-10 00:40:50"
"303",26,"2016-01-08 13:07:30",-46.6205199,-23.6813469,"2016-01-05 01:04:00","2016-01-10 00:40:50"
"302",17,"2016-01-08 13:12:01",-56.0201524,-32.8755547,"2016-01-05 01:04:00","2016-01-10 00:40:50"
"301",18,"2016-01-08 13:18:03",-55.8939676,-27.3664866,"2016-01-05 01:04:00","2016-01-10 00:40:50"
"300",30,"2016-01-08 13:20:25",-43.0309251,-22.8219013,"2016-01-05 01:04:00","2016-01-10 00:40:50"
"299",24,"2016-01-08 13:31:16",-53.1999999,-10.3333332,"2016-01-05 01:04:00","2016-01-10 00:40:50"
"298",14,"2016-01-08 13:42:14",-60.4289717,-24.5955305,"2016-01-05 01:04:00","2016-01-10 00:40:50"
"297",26,"2016-01-08 13:43:55",-46.5629623,-23.690102,"2016-01-05 01:04:00","2016-01-10 00:40:50"
"296",18,"2016-01-08 13:48:58",-55.8939676,-27.3664866,"2016-01-05 01:04:00","2016-01-10 00:40:50"
"295",19,"2016-01-08 13:53:32",-58.1693444,-23.3165934,"2016-01-05 01:04:00","2016-01-10 00:40:50"
"294",17,"2016-01-08 13:55:57",-57.7499999,-33.4999999,"2016-01-05 01:04:00","2016-01-10 00:40:50"
"293",21,"2016-01-08 14:00:41",-51.4687454,-29.6826111,"2016-01-05 01:04:00","2016-01-10 00:40:50"
"292",34,"2016-01-08 14:01:15",-35.0611067,-8.3980772,"2016-01-05 01:04:00","2016-01-10 00:40:50"
"291",18,"2016-01-08 14:02:08",-55.8939676,-27.3664866,"2016-01-05 01:04:00","2016-01-10 00:40:50"
"290",18,"2016-01-08 14:04:42",-55.8939676,-27.3664866,"2016-01-05 01:04:00","2016-01-10 00:40:50"
"289",30,"2016-01-08 14:08:53",-43.2093726,-22.9110136,"2016-01-05 01:04:00","2016-01-10 00:40:50"
"288",18,"2016-01-08 14:09:08",-55.8939676,-27.3664866,"2016-01-05 01:04:00","2016-01-10 00:40:50"
"287",7,"2016-01-08 14:10:44",-70.3028025,19.0974031,"2016-01-05 01:04:00","2016-01-10 00:40:50"
"286",7,"2016-01-08 14:13:13",-70.3028025,19.0974031,"2016-01-05 01:04:00","2016-01-10 00:40:50"
"285",30,"2016-01-08 14:14:53",-42.3428896,-22.8733202,"2016-01-05 01:04:00","2016-01-10 00:40:50"
"284",17,"2016-01-08 14:15:09",-58.4375796,-34.6075797,"2016-01-05 01:04:00","2016-01-10 00:40:50"
"283",17,"2016-01-08 14:19:33",-58.5214673,-34.5975719,"2016-01-05 01:04:00","2016-01-10 00:40:50"
"282",13,"2016-01-08 14:20:14",-60.643035677,-31.64727895,"2016-01-05 01:04:00","2016-01-10 00:40:50"
"281",13,"2016-01-08 14:21:23",-64.1833189,-31.417339,"2016-01-05 01:04:00","2016-01-10 00:40:50"
"280",24,"2016-01-08 14:25:01",-53.1999999,-10.3333332,"2016-01-05 01:04:00","2016-01-10 00:40:50"
"279",25,"2016-01-08 14:25:56",-48.6669851,-26.9117878,"2016-01-05 01:04:00","2016-01-10 00:40:50"
"278",5,"2016-01-08 14:28:23",-76.2988047,3.5308373,"2016-01-05 01:04:00","2016-01-10 00:40:50"
"277",25,"2016-01-08 14:31:11",-48.5251853,-25.5121903,"2016-01-05 01:04:00","2016-01-10 00:40:50"
"276",18,"2016-01-08 14:32:20",-55.8939676,-27.3664866,"2016-01-05 01:04:00","2016-01-10 00:40:50"
"275",5,"2016-01-08 14:32:37",-76.2988047,3.5308373,"2016-01-05 01:04:00","2016-01-10 00:40:50"
"274",18,"2016-01-08 14:35:58",-55.8939676,-27.3664866,"2016-01-05 01:04:00","2016-01-10 00:40:50"
"273",26,"2016-01-08 14:37:11",-45.8872968,-23.180501,"2016-01-05 01:04:00","2016-01-10 00:40:50"
"272",NA,"2016-01-08 14:38:54",33.2248168609,0.5465468,"2016-01-05 01:04:00","2016-01-10 00:40:50"
"271",18,"2016-01-08 14:42:05",-55.8939676,-27.3664866,"2016-01-05 01:04:00","2016-01-10 00:40:50"
"270",30,"2016-01-08 14:43:35",-43.2093726,-22.9110136,"2016-01-05 01:04:00","2016-01-10 00:40:50"
"269",NA,"2016-01-08 14:49:57",-110.9612377,29.0894152,"2016-01-05 01:04:00","2016-01-10 00:40:50"
"268",25,"2016-01-08 14:54:38",-48.5251853,-25.5121903,"2016-01-05 01:04:00","2016-01-10 00:40:50"
"267",27,"2016-01-08 14:54:45",-46.5096697,-18.6041452,"2016-01-05 01:04:00","2016-01-10 00:40:50"
"266",30,"2016-01-08 14:58:18",-42.9427769,-21.1199999,"2016-01-05 01:04:00","2016-01-10 00:40:50"
"265",30,"2016-01-08 14:58:48",-42.9427769,-21.1199999,"2016-01-05 01:04:00","2016-01-10 00:40:50"
"264",8,"2016-01-08 14:59:41",-71.0022704,42.2528772,"2016-01-05 01:04:00","2016-01-10 00:40:50"
"263",17,"2016-01-08 15:00:20",-58.5214673,-34.5975719,"2016-01-05 01:04:00","2016-01-10 00:40:50"
"262",17,"2016-01-08 15:12:55",-58.4375796,-34.6075797,"2016-01-05 01:04:00","2016-01-10 00:40:50"
"261",25,"2016-01-08 15:29:13",-49.2712361,-25.4295696,"2016-01-05 01:04:00","2016-01-10 00:40:50"
"260",7,"2016-01-08 15:31:30",-70.3028025,19.0974031,"2016-01-05 01:04:00","2016-01-10 00:40:50"
"259",18,"2016-01-08 15:40:22",-58.8328657,-27.4720341,"2016-01-05 01:04:00","2016-01-10 00:40:50"
"258",26,"2016-01-08 15:43:38",-47.0580346,-23.1531054,"2016-01-05 01:04:00","2016-01-10 00:40:50"
"257",25,"2016-01-08 15:45:03",-48.5251853,-25.5121903,"2016-01-05 01:04:00","2016-01-10 00:40:50"
"256",26,"2016-01-08 15:45:05",-47.0580346,-23.1531054,"2016-01-05 01:04:00","2016-01-10 00:40:50"
"255",17,"2016-01-08 15:50:46",-58.4375796,-34.6075797,"2016-01-05 01:04:00","2016-01-10 00:40:50"
"254",25,"2016-01-08 15:56:28",-48.5251853,-25.5121903,"2016-01-05 01:04:00","2016-01-10 00:40:50"
"253",14,"2016-01-08 15:56:57",-60.4289717,-24.5955305,"2016-01-05 01:04:00","2016-01-10 00:40:50"
"252",13,"2016-01-08 15:59:19",-61.9816163,-33.7101748,"2016-01-05 01:04:00","2016-01-10 00:40:50"
"251",24,"2016-01-08 16:00:23",-53.1999999,-10.3333332,"2016-01-05 01:04:00","2016-01-10 00:40:50"
"250",17,"2016-01-08 16:02:22",-58.4375796,-34.6075797,"2016-01-05 01:04:00","2016-01-10 00:40:50"
"249",25,"2016-01-08 16:06:28",-48.5110619,-25.6735329,"2016-01-05 01:04:00","2016-01-10 00:40:50"
"248",25,"2016-01-08 16:11:32",-48.5251853,-25.5121903,"2016-01-05 01:04:00","2016-01-10 00:40:50"
"247",13,"2016-01-08 16:28:32",-60.6615414,-32.9595003,"2016-01-05 01:04:00","2016-01-10 00:40:50"
"246",26,"2016-01-08 16:39:57",-47.4143079,-22.7552559,"2016-01-05 01:04:00","2016-01-10 00:40:50"
"245",13,"2016-01-08 16:47:11",-60.6615414,-32.9595003,"2016-01-05 01:04:00","2016-01-10 00:40:50"
"244",23,"2016-01-08 16:47:26",-54.6397098,-16.4603532,"2016-01-05 01:04:00","2016-01-10 00:40:50"
"243",21,"2016-01-08 16:51:42",-53.5163384,-26.7242131,"2016-01-05 01:04:00","2016-01-10 00:40:50"
"242",26,"2016-01-08 17:03:14",-46.5629623,-23.690102,"2016-01-05 01:04:00","2016-01-10 00:40:50"
"241",16,"2016-01-08 17:21:43",-64.6322109,10.205417,"2016-01-05 01:04:00","2016-01-10 00:40:50"
"240",25,"2016-01-08 17:24:58",-48.5490119,-25.8236549,"2016-01-05 01:04:00","2016-01-10 00:40:50"
"239",25,"2016-01-08 17:28:34",-48.5251853,-25.5121903,"2016-01-05 01:04:00","2016-01-10 00:40:50"
"238",25,"2016-01-08 17:29:55",-48.5251853,-25.5121903,"2016-01-05 01:04:00","2016-01-10 00:40:50"
"237",25,"2016-01-08 17:41:02",-48.5251853,-25.5121903,"2016-01-05 01:04:00","2016-01-10 00:40:50"
"236",26,"2016-01-08 17:44:21",-46.6333823,-23.5506506,"2016-01-05 01:04:00","2016-01-10 00:40:50"
"235",18,"2016-01-08 17:44:49",-57.6311195,-25.2959915,"2016-01-05 01:04:00","2016-01-10 00:40:50"
"234",28,"2016-01-08 17:52:31",-47.7824311,-14.9803367,"2016-01-05 01:04:00","2016-01-10 00:40:50"
"233",27,"2016-01-08 17:59:31",-49.253269,-16.6808819,"2016-01-05 01:04:00","2016-01-10 00:40:50"
"232",30,"2016-01-08 18:00:41",-43.2093726,-22.9110136,"2016-01-05 01:04:00","2016-01-10 00:40:50"
"231",30,"2016-01-08 18:07:54",-43.2093726,-22.9110136,"2016-01-05 01:04:00","2016-01-10 00:40:50"
"230",21,"2016-01-08 18:10:22",-54.6168644,-25.5169014,"2016-01-05 01:04:00","2016-01-10 00:40:50"
"229",25,"2016-01-08 18:21:30",-49.2712361,-25.4295696,"2016-01-05 01:04:00","2016-01-10 00:40:50"
"228",24,"2016-01-08 18:24:56",-53.1999999,-10.3333332,"2016-01-05 01:04:00","2016-01-10 00:40:50"
"227",30,"2016-01-08 18:44:54",-43.2093726,-22.9110136,"2016-01-05 01:04:00","2016-01-10 00:40:50"
"226",26,"2016-01-08 18:58:38",-46.6333823,-23.5506506,"2016-01-05 01:04:00","2016-01-10 00:40:50"
"225",22,"2016-01-08 19:00:29",-54.6162946,-20.4640172,"2016-01-05 01:04:00","2016-01-10 00:40:50"
"224",30,"2016-01-08 19:05:19",-43.2093726,-22.9110136,"2016-01-05 01:04:00","2016-01-10 00:40:50"
"223",30,"2016-01-08 19:12:12",-43.1154551,-22.883237,"2016-01-05 01:04:00","2016-01-10 00:40:50"
"222",18,"2016-01-08 19:15:59",-57.6311195,-25.2959915,"2016-01-05 01:04:00","2016-01-10 00:40:50"
"221",18,"2016-01-08 19:16:06",-57.4999999,-25.4999999,"2016-01-05 01:04:00","2016-01-10 00:40:50"
"220",34,"2016-01-08 19:16:21",-37.7969269,-5.6631108,"2016-01-05 01:04:00","2016-01-10 00:40:50"
"219",18,"2016-01-08 19:17:59",-57.4999999,-25.4999999,"2016-01-05 01:04:00","2016-01-10 00:40:50"
"218",30,"2016-01-08 19:27:54",-43.2093726,-22.9110136,"2016-01-05 01:04:00","2016-01-10 00:40:50"
"217",26,"2016-01-08 19:37:08",-46.6333823,-23.5506506,"2016-01-05 01:04:00","2016-01-10 00:40:50"
"216",19,"2016-01-08 19:57:02",-59.6688538,-22.8487075,"2016-01-05 01:04:00","2016-01-10 00:40:50"
"215",36,"2016-01-08 19:57:23",-34.8781516,-8.064193,"2016-01-05 01:04:00","2016-01-10 00:40:50"
"214",25,"2016-01-08 20:01:39",-49.2712361,-25.4295696,"2016-01-05 01:04:00","2016-01-10 00:40:50"
"213",20,"2016-01-08 20:04:27",-51.2304999,-30.0329999,"2016-01-05 01:04:00","2016-01-10 00:40:50"
"212",31,"2016-01-08 20:12:20",-42.6282685,-19.5200066,"2016-01-05 01:04:00","2016-01-10 00:40:50"
"211",NA,"2016-01-08 20:14:58",2.2252883,48.8710147,"2016-01-05 01:04:00","2016-01-10 00:40:50"
"210",11,"2016-01-08 20:22:01",-66.1109317,8.0018709,"2016-01-05 01:04:00","2016-01-10 00:40:50"
"209",29,"2016-01-08 20:39:25",-48.4682452,-1.4505599,"2016-01-05 01:04:00","2016-01-10 00:40:50"
"208",25,"2016-01-08 20:48:08",-48.5251853,-25.5121903,"2016-01-05 01:04:00","2016-01-10 00:40:50"
"207",11,"2016-01-08 20:52:06",-66.1109317,8.0018709,"2016-01-05 01:04:00","2016-01-10 00:40:50"
"206",27,"2016-01-08 20:55:54",-49.253269,-16.6808819,"2016-01-05 01:04:00","2016-01-10 00:40:50"
"205",17,"2016-01-08 20:55:57",-56.0201524,-32.8755547,"2016-01-05 01:04:00","2016-01-10 00:40:50"
"204",31,"2016-01-08 20:57:41",-43.847069,-19.9854088,"2016-01-05 01:04:00","2016-01-10 00:40:50"
"203",21,"2016-01-08 21:01:14",-54.6168644,-25.5169014,"2016-01-05 01:04:00","2016-01-10 00:40:50"
"202",34,"2016-01-08 21:01:52",-36.4930895,-8.8905888,"2016-01-05 01:04:00","2016-01-10 00:40:50"
"201",24,"2016-01-08 21:01:59",-53.1999999,-10.3333332,"2016-01-05 01:04:00","2016-01-10 00:40:50"
"200",19,"2016-01-08 21:11:57",-58.1693444,-23.3165934,"2016-01-05 01:04:00","2016-01-10 00:40:50"
"199",4,"2016-01-08 21:17:08",-79.2015996,-3.996731,"2016-01-05 01:04:00","2016-01-10 00:40:50"
"198",26,"2016-01-08 21:28:48",-45.9194808,-21.6850716,"2016-01-05 01:04:00","2016-01-10 00:40:50"
"197",30,"2016-01-08 21:36:40",-43.1926129,-22.5199629,"2016-01-05 01:04:00","2016-01-10 00:40:50"
"196",25,"2016-01-08 21:36:45",-48.5490119,-25.8236549,"2016-01-05 01:04:00","2016-01-10 00:40:50"
"195",25,"2016-01-08 21:47:55",-48.5251853,-25.5121903,"2016-01-05 01:04:00","2016-01-10 00:40:50"
"194",30,"2016-01-08 22:01:59",-42.0189226,-22.8804368,"2016-01-05 01:04:00","2016-01-10 00:40:50"
"193",31,"2016-01-08 22:11:57",-42.6282685,-19.5200066,"2016-01-05 01:04:00","2016-01-10 00:40:50"
"192",36,"2016-01-08 22:20:36",-34.8781516,-8.064193,"2016-01-05 01:04:00","2016-01-10 00:40:50"
"191",25,"2016-01-08 22:25:17",-48.5251853,-25.5121903,"2016-01-05 01:04:00","2016-01-10 00:40:50"
"190",25,"2016-01-08 22:39:58",-48.5110619,-25.6735329,"2016-01-05 01:04:00","2016-01-10 00:40:50"
"189",25,"2016-01-08 22:40:05",-48.5251853,-25.5121903,"2016-01-05 01:04:00","2016-01-10 00:40:50"
"188",17,"2016-01-08 22:52:39",-56.0201524,-32.8755547,"2016-01-05 01:04:00","2016-01-10 00:40:50"
"187",25,"2016-01-08 22:54:23",-48.5251853,-25.5121903,"2016-01-05 01:04:00","2016-01-10 00:40:50"
"186",30,"2016-01-08 22:59:40",-42.0244269,-22.9662838,"2016-01-05 01:04:00","2016-01-10 00:40:50"
"185",25,"2016-01-08 23:05:12",-48.5251853,-25.5121903,"2016-01-05 01:04:00","2016-01-10 00:40:50"
"184",26,"2016-01-08 23:26:19",-46.6333823,-23.5506506,"2016-01-05 01:04:00","2016-01-10 00:40:50"
"183",26,"2016-01-08 23:39:12",-48.8145841,-21.5940597,"2016-01-05 01:04:00","2016-01-10 00:40:50"
"182",17,"2016-01-08 23:41:06",-58.4375796,-34.6075797,"2016-01-05 01:04:00","2016-01-10 00:40:50"
"181",26,"2016-01-08 23:48:58",-46.3338889,-23.9608329,"2016-01-05 01:04:00","2016-01-10 00:40:50"
"180",26,"2016-01-08 23:53:21",-47.5563732,-24.7042691,"2016-01-05 01:04:00","2016-01-10 00:40:50"
"179",30,"2016-01-08 23:55:37",-42.5325302,-22.2800003,"2016-01-05 01:04:00","2016-01-10 00:40:50"
"178",26,"2016-01-09 00:12:10",-46.6333823,-23.5506506,"2016-01-05 01:04:00","2016-01-10 00:40:50"
"177",30,"2016-01-09 00:20:02",-41.6800949,-21.1341024,"2016-01-05 01:04:00","2016-01-10 00:40:50"
"176",14,"2016-01-09 00:29:51",-60.4289717,-24.5955305,"2016-01-05 01:04:00","2016-01-10 00:40:50"
"175",26,"2016-01-09 00:40:15",-46.3593739,-23.0525449,"2016-01-05 01:04:00","2016-01-10 00:40:50"
"174",18,"2016-01-09 00:46:48",-57.4999999,-25.4999999,"2016-01-05 01:04:00","2016-01-10 00:40:50"
"173",19,"2016-01-09 00:55:46",-55.2499999,-24.2499999,"2016-01-05 01:04:00","2016-01-10 00:40:50"
"172",26,"2016-01-09 01:03:33",-47.6491699,-22.7252799,"2016-01-05 01:04:00","2016-01-10 00:40:50"
"171",19,"2016-01-09 01:05:51",-58.1693444,-23.3165934,"2016-01-05 01:04:00","2016-01-10 00:40:50"
"170",11,"2016-01-09 01:07:25",-66.1109317,8.0018709,"2016-01-05 01:04:00","2016-01-10 00:40:50"
"169",25,"2016-01-09 01:07:43",-48.5251853,-25.5121903,"2016-01-05 01:04:00","2016-01-10 00:40:50"
"168",NA,"2016-01-09 01:08:44",-68.7461816,-43.7128355,"2016-01-05 01:04:00","2016-01-10 00:40:50"
"167",NA,"2016-01-09 01:14:37",-44.2933275,-2.5319223,"2016-01-05 01:04:00","2016-01-10 00:40:50"
"166",37,"2016-01-09 01:19:37",103.852038,1.2904527,"2016-01-05 01:04:00","2016-01-10 00:40:50"
"165",37,"2016-01-09 01:19:48",103.852038,1.2904527,"2016-01-05 01:04:00","2016-01-10 00:40:50"
"164",NA,"2016-01-09 01:20:27",-61.8990549,-35.8104932,"2016-01-05 01:04:00","2016-01-10 00:40:50"
"163",30,"2016-01-09 01:23:18",-43.2093726,-22.9110136,"2016-01-05 01:04:00","2016-01-10 00:40:50"
"162",25,"2016-01-09 01:26:35",-49.2712361,-25.4295696,"2016-01-05 01:04:00","2016-01-10 00:40:50"
"161",37,"2016-01-09 01:29:42",103.852038,1.2904527,"2016-01-05 01:04:00","2016-01-10 00:40:50"
"160",25,"2016-01-09 01:29:52",-49.2712361,-25.4295696,"2016-01-05 01:04:00","2016-01-10 00:40:50"
"159",30,"2016-01-09 01:35:42",-42.3459549,-21.6569029,"2016-01-05 01:04:00","2016-01-10 00:40:50"
"158",25,"2016-01-09 01:35:47",-49.2712361,-25.4295696,"2016-01-05 01:04:00","2016-01-10 00:40:50"
"157",NA,"2016-01-09 01:35:53",-67.1053739,-27.1910824,"2016-01-05 01:04:00","2016-01-10 00:40:50"
"156",26,"2016-01-09 01:46:41",-46.6333823,-23.5506506,"2016-01-05 01:04:00","2016-01-10 00:40:50"
"155",30,"2016-01-09 01:47:55",-43.2093726,-22.9110136,"2016-01-05 01:04:00","2016-01-10 00:40:50"
"154",25,"2016-01-09 01:51:21",-48.5251853,-25.5121903,"2016-01-05 01:04:00","2016-01-10 00:40:50"
"153",25,"2016-01-09 02:06:53",-49.3695626,-28.678994,"2016-01-05 01:04:00","2016-01-10 00:40:50"
"152",29,"2016-01-09 02:14:25",-48.4682452,-1.4505599,"2016-01-05 01:04:00","2016-01-10 00:40:50"
"151",31,"2016-01-09 02:16:18",-44.2469439,-19.4661109,"2016-01-05 01:04:00","2016-01-10 00:40:50"
"150",18,"2016-01-09 02:18:47",-57.6311195,-25.2959915,"2016-01-05 01:04:00","2016-01-10 00:40:50"
"149",18,"2016-01-09 02:22:16",-56.0181684,-25.4661755,"2016-01-05 01:04:00","2016-01-10 00:40:50"
"148",21,"2016-01-09 02:27:02",-51.9622259,-29.5010544,"2016-01-05 01:04:00","2016-01-10 00:40:50"
"147",21,"2016-01-09 02:42:01",-54.5763081,-25.5208725,"2016-01-05 01:04:00","2016-01-10 00:40:50"
"146",31,"2016-01-09 03:11:48",-43.9450947,-19.9227317,"2016-01-05 01:04:00","2016-01-10 00:40:50"
"145",31,"2016-01-09 03:12:09",-43.9450947,-19.9227317,"2016-01-05 01:04:00","2016-01-10 00:40:50"
"144",31,"2016-01-09 03:21:39",-43.9450947,-19.9227317,"2016-01-05 01:04:00","2016-01-10 00:40:50"
"143",1,"2016-01-09 03:25:09",-88.9140682,13.8000382,"2016-01-05 01:04:00","2016-01-10 00:40:50"
"142",1,"2016-01-09 03:32:47",-88.9140682,13.8000382,"2016-01-05 01:04:00","2016-01-10 00:40:50"
"141",17,"2016-01-09 03:35:19",-58.4375796,-34.6075797,"2016-01-05 01:04:00","2016-01-10 00:40:50"
"140",1,"2016-01-09 03:35:46",-88.9140682,13.8000382,"2016-01-05 01:04:00","2016-01-10 00:40:50"
"139",1,"2016-01-09 03:38:55",-88.9140682,13.8000382,"2016-01-05 01:04:00","2016-01-10 00:40:50"
"138",36,"2016-01-09 03:39:04",-34.8781516,-8.064193,"2016-01-05 01:04:00","2016-01-10 00:40:50"
"137",27,"2016-01-09 03:39:52",-49.7079749,-15.3549138,"2016-01-05 01:04:00","2016-01-10 00:40:50"
"136",1,"2016-01-09 03:42:02",-88.9140682,13.8000382,"2016-01-05 01:04:00","2016-01-10 00:40:50"
"135",30,"2016-01-09 03:46:09",-42.9427769,-21.1199999,"2016-01-05 01:04:00","2016-01-10 00:40:50"
"134",1,"2016-01-09 03:49:01",-88.9140682,13.8000382,"2016-01-05 01:04:00","2016-01-10 00:40:50"
"133",31,"2016-01-09 03:49:43",-42.5270801,-19.4777806,"2016-01-05 01:04:00","2016-01-10 00:40:50"
"132",37,"2016-01-09 03:50:41",101.922547,2.806061,"2016-01-05 01:04:00","2016-01-10 00:40:50"
"131",26,"2016-01-09 03:52:25",-46.6333823,-23.5506506,"2016-01-05 01:04:00","2016-01-10 00:40:50"
"130",25,"2016-01-09 03:54:26",-48.5251853,-25.5121903,"2016-01-05 01:04:00","2016-01-10 00:40:50"
"129",25,"2016-01-09 03:55:13",-48.5110619,-25.6735329,"2016-01-05 01:04:00","2016-01-10 00:40:50"
"128",31,"2016-01-09 03:55:36",-43.7144439,-19.1686109,"2016-01-05 01:04:00","2016-01-10 00:40:50"
"127",31,"2016-01-09 03:57:38",-43.5619754168,-19.21156685,"2016-01-05 01:04:00","2016-01-10 00:40:50"
"126",30,"2016-01-09 03:58:11",-42.3428896,-22.8733202,"2016-01-05 01:04:00","2016-01-10 00:40:50"
"125",1,"2016-01-09 04:00:19",-88.9140682,13.8000382,"2016-01-05 01:04:00","2016-01-10 00:40:50"
"124",25,"2016-01-09 04:20:30",-49.2712361,-25.4295696,"2016-01-05 01:04:00","2016-01-10 00:40:50"
"123",31,"2016-01-09 04:27:53",-43.9450947,-19.9227317,"2016-01-05 01:04:00","2016-01-10 00:40:50"
"122",31,"2016-01-09 04:28:44",-43.9450947,-19.9227317,"2016-01-05 01:04:00","2016-01-10 00:40:50"
"121",9,"2016-01-09 04:31:08",-68.745546,-32.8950718,"2016-01-05 01:04:00","2016-01-10 00:40:50"
"120",1,"2016-01-09 04:53:02",-85.4987892394,10.6927375,"2016-01-05 01:04:00","2016-01-10 00:40:50"
"119",NA,"2016-01-09 04:58:49",-117.8261659,33.7458511,"2016-01-05 01:04:00","2016-01-10 00:40:50"
"118",38,"2016-01-09 05:01:35",121.0329706,14.5736108,"2016-01-05 01:04:00","2016-01-10 00:40:50"
"117",26,"2016-01-09 05:13:05",-46.9188889,-23.6038889,"2016-01-05 01:04:00","2016-01-10 00:40:50"
"116",30,"2016-01-09 05:24:41",-40.4165489,-20.2632019,"2016-01-05 01:04:00","2016-01-10 00:40:50"
"115",31,"2016-01-09 06:01:56",-40.172199,-19.5687681,"2016-01-05 01:04:00","2016-01-10 00:40:50"
"114",30,"2016-01-09 06:21:41",-40.2920625,-20.3297248,"2016-01-05 01:04:00","2016-01-10 00:40:50"
"113",25,"2016-01-09 06:33:48",-49.2712361,-25.4295696,"2016-01-05 01:04:00","2016-01-10 00:40:50"
"112",11,"2016-01-09 06:35:55",-66.0023071,9.2130611,"2016-01-05 01:04:00","2016-01-10 00:40:50"
"111",NA,"2016-01-09 07:24:53",-9.2713002824,38.7124971,"2016-01-05 01:04:00","2016-01-10 00:40:50"
"110",34,"2016-01-09 07:40:30",-35.5631136,-8.1993048,"2016-01-05 01:04:00","2016-01-10 00:40:50"
"109",NA,"2016-01-09 07:53:24",-65.7849137168,-28.46548815,"2016-01-05 01:04:00","2016-01-10 00:40:50"
"108",17,"2016-01-09 08:02:41",-58.4375796,-34.6075797,"2016-01-05 01:04:00","2016-01-10 00:40:50"
"107",13,"2016-01-09 08:05:34",-60.643035677,-31.64727895,"2016-01-05 01:04:00","2016-01-10 00:40:50"
"106",24,"2016-01-09 08:41:56",-53.1999999,-10.3333332,"2016-01-05 01:04:00","2016-01-10 00:40:50"
"105",25,"2016-01-09 10:17:53",-48.5251853,-25.5121903,"2016-01-05 01:04:00","2016-01-10 00:40:50"
"104",30,"2016-01-09 11:36:50",-40.2920625,-20.3297248,"2016-01-05 01:04:00","2016-01-10 00:40:50"
"103",33,"2016-01-09 11:39:45",-38.312769,-12.8924199,"2016-01-05 01:04:00","2016-01-10 00:40:50"
"102",39,"2016-01-09 11:42:13",120.9693062,15.4891397,"2016-01-05 01:04:00","2016-01-10 00:40:50"
"101",22,"2016-01-09 12:24:28",-51.9382845,-23.425104,"2016-01-05 01:04:00","2016-01-10 00:40:50"
"100",31,"2016-01-09 12:29:11",-43.9450947,-19.9227317,"2016-01-05 01:04:00","2016-01-10 00:40:50"
"99",22,"2016-01-09 12:29:42",-51.9382845,-23.425104,"2016-01-05 01:04:00","2016-01-10 00:40:50"
"98",17,"2016-01-09 12:38:23",-58.4375796,-34.6075797,"2016-01-05 01:04:00","2016-01-10 00:40:50"
"97",25,"2016-01-09 12:47:11",-49.2072162,-25.5338159,"2016-01-05 01:04:00","2016-01-10 00:40:50"
"96",17,"2016-01-09 12:55:15",-58.4375796,-34.6075797,"2016-01-05 01:04:00","2016-01-10 00:40:50"
"95",NA,"2016-01-09 12:55:49",80.7038245875,7.878,"2016-01-05 01:04:00","2016-01-10 00:40:50"
"94",25,"2016-01-09 13:01:12",-49.2712361,-25.4295696,"2016-01-05 01:04:00","2016-01-10 00:40:50"
"93",35,"2016-01-09 13:11:28",-38.5217988,-3.7304511,"2016-01-05 01:04:00","2016-01-10 00:40:50"
"92",35,"2016-01-09 13:11:47",-38.5217988,-3.7304511,"2016-01-05 01:04:00","2016-01-10 00:40:50"
"91",35,"2016-01-09 13:12:06",-38.5217988,-3.7304511,"2016-01-05 01:04:00","2016-01-10 00:40:50"
"90",31,"2016-01-09 13:12:37",-44.0840952,-19.9132748,"2016-01-05 01:04:00","2016-01-10 00:40:50"
"89",30,"2016-01-09 13:26:22",-42.9427769,-21.1199999,"2016-01-05 01:04:00","2016-01-10 00:40:50"
"88",NA,"2016-01-09 13:47:13",-77.0365255,-12.0621064,"2016-01-05 01:04:00","2016-01-10 00:40:50"
"87",7,"2016-01-09 13:56:41",-70.3028025,19.0974031,"2016-01-05 01:04:00","2016-01-10 00:40:50"
"86",25,"2016-01-09 14:04:21",-48.5251853,-25.5121903,"2016-01-05 01:04:00","2016-01-10 00:40:50"
"85",13,"2016-01-09 14:18:17",-60.643035677,-31.64727895,"2016-01-05 01:04:00","2016-01-10 00:40:50"
"84",30,"2016-01-09 14:18:36",-43.2093726,-22.9110136,"2016-01-05 01:04:00","2016-01-10 00:40:50"
"83",30,"2016-01-09 14:28:53",-43.2093726,-22.9110136,"2016-01-05 01:04:00","2016-01-10 00:40:50"
"82",30,"2016-01-09 14:34:44",-43.2093726,-22.9110136,"2016-01-05 01:04:00","2016-01-10 00:40:50"
"81",30,"2016-01-09 15:18:52",-43.2093726,-22.9110136,"2016-01-05 01:04:00","2016-01-10 00:40:50"
"80",NA,"2016-01-09 15:19:07",-9.136506,38.7077926,"2016-01-05 01:04:00","2016-01-10 00:40:50"
"79",25,"2016-01-09 15:20:43",-48.5251853,-25.5121903,"2016-01-05 01:04:00","2016-01-10 00:40:50"
"78",25,"2016-01-09 15:34:33",-48.5251853,-25.5121903,"2016-01-05 01:04:00","2016-01-10 00:40:50"
"77",25,"2016-01-09 16:02:10",-48.5251853,-25.5121903,"2016-01-05 01:04:00","2016-01-10 00:40:50"
"76",18,"2016-01-09 16:09:13",-55.8939676,-27.3664866,"2016-01-05 01:04:00","2016-01-10 00:40:50"
"75",25,"2016-01-09 16:16:22",-48.5251853,-25.5121903,"2016-01-05 01:04:00","2016-01-10 00:40:50"
"74",20,"2016-01-09 16:18:31",-51.2304999,-30.0329999,"2016-01-05 01:04:00","2016-01-10 00:40:50"
"73",36,"2016-01-09 16:28:08",-34.9468715,-8.1752475,"2016-01-05 01:04:00","2016-01-10 00:40:50"
"72",34,"2016-01-09 16:38:30",-36.9182756,-6.8677853,"2016-01-05 01:04:00","2016-01-10 00:40:50"
"71",25,"2016-01-09 16:41:17",-48.5251853,-25.5121903,"2016-01-05 01:04:00","2016-01-10 00:40:50"
"70",26,"2016-01-09 16:41:27",-46.4027779,-24.0058329,"2016-01-05 01:04:00","2016-01-10 00:40:50"
"69",4,"2016-01-09 16:47:16",-79.3666964,-1.3397667,"2016-01-05 01:04:00","2016-01-10 00:40:50"
"68",25,"2016-01-09 16:49:55",-48.5110619,-25.6735329,"2016-01-05 01:04:00","2016-01-10 00:40:50"
"67",38,"2016-01-09 16:50:13",120.9323666547,14.4021133,"2016-01-05 01:04:00","2016-01-10 00:40:50"
"66",13,"2016-01-09 16:59:47",-64.1833189,-31.417339,"2016-01-05 01:04:00","2016-01-10 00:40:50"
"65",21,"2016-01-09 17:00:44",-54.4315256,-26.7372239,"2016-01-05 01:04:00","2016-01-10 00:40:50"
"64",NA,"2016-01-09 17:02:28",-59.9864061,-3.1319514,"2016-01-05 01:04:00","2016-01-10 00:40:50"
"63",31,"2016-01-09 17:03:59",-43.9450947,-19.9227317,"2016-01-05 01:04:00","2016-01-10 00:40:50"
"62",NA,"2016-01-09 17:05:07",-59.9864061,-3.1319514,"2016-01-05 01:04:00","2016-01-10 00:40:50"
"61",25,"2016-01-09 17:22:11",-48.5251853,-25.5121903,"2016-01-05 01:04:00","2016-01-10 00:40:50"
"60",12,"2016-01-09 17:26:59",-67.6298719,10.3007957,"2016-01-05 01:04:00","2016-01-10 00:40:50"
"59",15,"2016-01-09 17:39:00",-63.1799872,9.7452286,"2016-01-05 01:04:00","2016-01-10 00:40:50"
"58",4,"2016-01-09 17:39:03",-79.3666964,-1.3397667,"2016-01-05 01:04:00","2016-01-10 00:40:50"
"57",36,"2016-01-09 17:40:16",-34.8781516,-8.064193,"2016-01-05 01:04:00","2016-01-10 00:40:50"
"56",26,"2016-01-09 17:40:24",-46.3338889,-23.9608329,"2016-01-05 01:04:00","2016-01-10 00:40:50"
"55",25,"2016-01-09 17:43:13",-48.5251853,-25.5121903,"2016-01-05 01:04:00","2016-01-10 00:40:50"
"54",23,"2016-01-09 17:52:04",-50.1952769,-19.7280559,"2016-01-05 01:04:00","2016-01-10 00:40:50"
"53",30,"2016-01-09 18:00:15",-41.6800949,-21.1341024,"2016-01-05 01:04:00","2016-01-10 00:40:50"
"52",1,"2016-01-09 18:03:23",-88.9140682,13.8000382,"2016-01-05 01:04:00","2016-01-10 00:40:50"
"51",18,"2016-01-09 18:14:46",-55.8939676,-27.3664866,"2016-01-05 01:04:00","2016-01-10 00:40:50"
"50",26,"2016-01-09 18:16:42",-45.4524316,-22.423739,"2016-01-05 01:04:00","2016-01-10 00:40:50"
"49",12,"2016-01-09 18:19:02",-67.6298719,10.3007957,"2016-01-05 01:04:00","2016-01-10 00:40:50"
"48",30,"2016-01-09 18:29:04",-42.6810472,-21.8760575,"2016-01-05 01:04:00","2016-01-10 00:40:50"
"47",34,"2016-01-09 18:32:34",-35.7558261,-8.2372131,"2016-01-05 01:04:00","2016-01-10 00:40:50"
"46",32,"2016-01-09 18:44:38",-40.8414803,-14.8567486,"2016-01-05 01:04:00","2016-01-10 00:40:50"
"45",12,"2016-01-09 18:56:25",-67.6298719,10.3007957,"2016-01-05 01:04:00","2016-01-10 00:40:50"
"44",12,"2016-01-09 19:03:14",-67.6298719,10.3007957,"2016-01-05 01:04:00","2016-01-10 00:40:50"
"43",12,"2016-01-09 19:08:19",-67.6298719,10.3007957,"2016-01-05 01:04:00","2016-01-10 00:40:50"
"42",30,"2016-01-09 19:10:54",-42.3663889,-21.1305559,"2016-01-05 01:04:00","2016-01-10 00:40:50"
"41",12,"2016-01-09 19:12:14",-67.6298719,10.3007957,"2016-01-05 01:04:00","2016-01-10 00:40:50"
"40",30,"2016-01-09 19:13:13",-42.3663889,-21.1305559,"2016-01-05 01:04:00","2016-01-10 00:40:50"
"39",12,"2016-01-09 19:19:50",-67.6298719,10.3007957,"2016-01-05 01:04:00","2016-01-10 00:40:50"
"38",31,"2016-01-09 19:20:27",-44.0840952,-19.9132748,"2016-01-05 01:04:00","2016-01-10 00:40:50"
"37",12,"2016-01-09 19:26:34",-67.6298719,10.3007957,"2016-01-05 01:04:00","2016-01-10 00:40:50"
"36",22,"2016-01-09 19:45:37",-54.2859488,-23.9378875,"2016-01-05 01:04:00","2016-01-10 00:40:50"
"35",12,"2016-01-09 20:37:34",-67.6298719,10.3007957,"2016-01-05 01:04:00","2016-01-10 00:40:50"
"34",12,"2016-01-09 20:42:10",-67.6298719,10.3007957,"2016-01-05 01:04:00","2016-01-10 00:40:50"
"33",25,"2016-01-09 20:42:15",-48.5110619,-25.6735329,"2016-01-05 01:04:00","2016-01-10 00:40:50"
"32",11,"2016-01-09 20:57:31",-66.1109317,8.0018709,"2016-01-05 01:04:00","2016-01-10 00:40:50"
"31",NA,"2016-01-09 20:58:42",-106.4497254855,31.45222745,"2016-01-05 01:04:00","2016-01-10 00:40:50"
"30",25,"2016-01-09 20:59:08",-49.2712361,-25.4295696,"2016-01-05 01:04:00","2016-01-10 00:40:50"
"29",29,"2016-01-09 21:27:14",-48.4682452,-1.4505599,"2016-01-05 01:04:00","2016-01-10 00:40:50"
"28",25,"2016-01-09 21:28:48",-48.5251853,-25.5121903,"2016-01-05 01:04:00","2016-01-10 00:40:50"
"27",18,"2016-01-09 21:41:05",-55.8939676,-27.3664866,"2016-01-05 01:04:00","2016-01-10 00:40:50"
"26",14,"2016-01-09 21:46:21",-60.4289717,-24.5955305,"2016-01-05 01:04:00","2016-01-10 00:40:50"
"25",18,"2016-01-09 21:54:44",-57.6311195,-25.2959915,"2016-01-05 01:04:00","2016-01-10 00:40:50"
"24",18,"2016-01-09 22:12:34",-55.8939676,-27.3664866,"2016-01-05 01:04:00","2016-01-10 00:40:50"
"23",11,"2016-01-09 22:16:39",-66.1109317,8.0018709,"2016-01-05 01:04:00","2016-01-10 00:40:50"
"22",21,"2016-01-09 22:22:33",-53.7680576,-29.8425283,"2016-01-05 01:04:00","2016-01-10 00:40:50"
"21",26,"2016-01-09 22:25:19",-46.6333823,-23.5506506,"2016-01-05 01:04:00","2016-01-10 00:40:50"
"20",24,"2016-01-09 22:37:37",-53.1999999,-10.3333332,"2016-01-05 01:04:00","2016-01-10 00:40:50"
"19",NA,"2016-01-09 22:37:44",-74.1845473126,-7.89646185,"2016-01-05 01:04:00","2016-01-10 00:40:50"
"18",NA,"2016-01-09 22:44:33",-100.830730242,20.52253925,"2016-01-05 01:04:00","2016-01-10 00:40:50"
"17",30,"2016-01-09 22:48:17",-43.3724124,-22.8043743,"2016-01-05 01:04:00","2016-01-10 00:40:50"
"16",NA,"2016-01-09 23:01:50",-74.1845473126,-7.89646185,"2016-01-05 01:04:00","2016-01-10 00:40:50"
"15",25,"2016-01-09 23:02:55",-48.6270135,-27.6162334,"2016-01-05 01:04:00","2016-01-10 00:40:50"
"14",26,"2016-01-09 23:03:47",-46.6333823,-23.5506506,"2016-01-05 01:04:00","2016-01-10 00:40:50"
"13",21,"2016-01-09 23:04:20",-53.7680576,-29.8425283,"2016-01-05 01:04:00","2016-01-10 00:40:50"
"12",34,"2016-01-09 23:14:47",-35.7558261,-8.2372131,"2016-01-05 01:04:00","2016-01-10 00:40:50"
"11",26,"2016-01-09 23:27:45",-46.6333823,-23.5506506,"2016-01-05 01:04:00","2016-01-10 00:40:50"
"10",25,"2016-01-09 23:34:16",-48.5251853,-25.5121903,"2016-01-05 01:04:00","2016-01-10 00:40:50"
"9",11,"2016-01-09 23:50:35",-69.2499999,9.166667,"2016-01-05 01:04:00","2016-01-10 00:40:50"
"8",25,"2016-01-10 00:01:14",-48.5251853,-25.5121903,"2016-01-05 01:04:00","2016-01-10 00:40:50"
"7",16,"2016-01-10 00:05:17",-64.6322109,10.205417,"2016-01-05 01:04:00","2016-01-10 00:40:50"
"6",31,"2016-01-10 00:05:19",-43.9450947,-19.9227317,"2016-01-05 01:04:00","2016-01-10 00:40:50"
"5",12,"2016-01-10 00:18:39",-66.9146016,10.506098,"2016-01-05 01:04:00","2016-01-10 00:40:50"
"4",26,"2016-01-10 00:22:49",-48.8145841,-21.5940597,"2016-01-05 01:04:00","2016-01-10 00:40:50"
"3",26,"2016-01-10 00:35:35",-48.1773095,-21.7886712,"2016-01-05 01:04:00","2016-01-10 00:40:50"
"2",26,"2016-01-10 00:35:46",-47.806667,-21.1783329,"2016-01-05 01:04:00","2016-01-10 00:40:50"
"1",26,"2016-01-10 00:40:50",-47.4580559,-23.5016669,"2016-01-05 01:04:00","2016-01-10 00:40:50"
